order_id,customer_id,order_date,status,region_code
1,341.0,2025-08-01 08:50:44,SHIPPED,EAST
2,5.0,2026-01-20 06:37:16,SHIPPED,SOUTH
3,163.0,2025-06-25 05:44:58,PLACED,SOUTH
4,440.0,2025-09-27 15:08:08,CANCELLED,WEST
5,UNKNOWN,2025-03-06 08:02:11,DELIVERED,NORTH
6,544.0,2025-09-14 23:27:17,PLACED,SOUTH
7,353.0,2026-01-12 19:53:03,PLACED,WEST
8,314.0,2025-08-05 02:08:07,PLACED,EAST
9,467.0,2024-12-14 19:50:10,RETURNED,EAST
10,138.0,2025-10-03 14:14:39,CANCELLED,EAST
11,169.0,2024-12-12 09:07:57,CANCELLED,NORTH
12,135.0,2025-09-15 15:58:47,PLACED,SOUTH
13,39.0,2025-04-16 11:05:51,DELIVERED,NORTH
14,50.0,2025-03-28 20:00:25,PLACED,NORTH
15,427.0,2026-02-09 07:07:43,PLACED,EAST
16,157.0,2025-07-19 05:40:07,PLACED,EAST
17,104.0,2025-02-19 06:34:41,DELIVERED,SOUTH
18,108.0,2026-05-25 08:32:50,RETURNED,NORTH
19,109.0,2026-04-27 03:38:16,RETURNED,SOUTH
20,536.0,2025-10-28 10:21:40,DELIVERED,WEST
21,41.0,2026-06-30 17:11:21,SHIPPED,WEST
22,3.0,2026-05-19 20:10:31,PLACED,NORTH
23,506.0,2025-09-24 03:09:58,PLACED,NORTH
24,104.0,2024-11-21 23:10:34,SHIPPED,WEST
25,304.0,2024-09-11 22:06:39,PLACED,NORTH
26,41.0,2025-09-05 23:16:39,DELIVERED,EAST
27,119.0,2024-11-17 20:02:33,PLACED,NORTH
28,175.0,2025-07-04 11:17:13,CANCELLED,EAST
29,96.0,2025-03-07 01:53:46,DELIVERED,SOUTH
30,410.0,2026-04-17 21:13:38,DELIVERED,WEST
31,490.0,2025-02-09 23:20:40,SHIPPED,NORTH
32,61.0,2025-09-14 02:25:30,SHIPPED,NORTH
33,495.0,2025-05-01 13:38:06,CANCELLED,SOUTH
34,368.0,2025-07-08 02:48:14,SHIPPED,WEST
35,116.0,2024-07-20 23:34:36,CANCELLED,NORTH
36,322.0,2026-03-15 02:18:59,RETURNED,SOUTH
37,347.0,2025-11-27 23:49:34,RETURNED,NORTH
38,255.0,2025-08-17 09:53:38,CANCELLED,SOUTH
39,572.0,2025-05-10 20:02:33,RETURNED,NORTH
40,UNKNOWN,2026-02-10 06:31:47,RETURNED,WEST
41,170.0,2024-12-11 12:46:05,CANCELLED,EAST
42,285.0,2026-06-06 05:12:38,SHIPPED,WEST
43,241.0,2024-08-03 23:07:18,CANCELLED,WEST
44,511.0,2025-11-13 18:50:55,PLACED,WEST
45,19.0,2026-05-16 22:36:50,CANCELLED,NORTH
46,1.0,2025-04-29 05:00:42,RETURNED,EAST
47,576.0,2026-03-15 04:09:20,CANCELLED,EAST
48,56.0,2025-11-14 03:28:27,CANCELLED,EAST
49,485.0,2025-01-21 21:27:44,DELIVERED,WEST
50,228.0,2025-03-26 12:19:46,DELIVERED,EAST
51,383.0,2026-01-31 10:38:20,PLACED,SOUTH
52,420.0,2024-09-07 14:56:03,RETURNED,SOUTH
53,403.0,2025-12-13 17:33:44,SHIPPED,EAST
54,425.0,2025-09-12 01:02:09,RETURNED,NORTH
55,462.0,2026-04-17 14:21:07,RETURNED,SOUTH
56,5.0,2025-05-17 09:30:40,PLACED,WEST
57,495.0,2024-12-14 21:34:53,SHIPPED,SOUTH
58,132.0,2025-08-31 11:31:36,RETURNED,EAST
59,394.0,2026-01-02 02:22:48,RETURNED,SOUTH
60,352.0,2025-08-10 21:08:48,CANCELLED,SOUTH
61,525.0,2026-03-07 04:28:35,RETURNED,EAST
62,567.0,2025-09-21 18:15:48,SHIPPED,SOUTH
63,298.0,2024-11-17 03:22:40,SHIPPED,SOUTH
64,331.0,2025-11-08 14:02:17,DELIVERED,WEST
65,428.0,2025-02-25 08:04:01,RETURNED,EAST
66,433.0,2025-03-27 23:51:32,RETURNED,NORTH
67,UNKNOWN,2025-06-03 17:28:06,PLACED,SOUTH
68,165.0,2025-11-30 05:28:24,DELIVERED,SOUTH
69,303.0,2025-03-27 13:07:18,RETURNED,NORTH
70,464.0,2024-10-14 05:21:32,RETURNED,SOUTH
71,575.0,2024-10-03 04:30:20,RETURNED,EAST
72,49.0,2025-08-30 19:19:23,CANCELLED,WEST
73,321.0,2025-12-14 04:46:38,PLACED,NORTH
74,208.0,2024-09-10 05:09:38,CANCELLED,SOUTH
75,377.0,2024-08-23 10:13:32,RETURNED,SOUTH
76,199.0,2026-04-30 03:17:27,SHIPPED,NORTH
77,178.0,2026-07-18 20:00:31,PLACED,WEST
78,UNKNOWN,2024-10-29 05:19:33,DELIVERED,SOUTH
79,262.0,2024-12-06 04:13:36,CANCELLED,SOUTH
80,UNKNOWN,2026-05-29 21:14:38,RETURNED,NORTH
81,309.0,2024-08-13 17:08:36,RETURNED,EAST
82,326.0,2024-12-24 09:11:04,SHIPPED,NORTH
83,164.0,2024-10-11 13:48:40,RETURNED,WEST
84,227.0,2025-08-01 10:06:58,DELIVERED,EAST
85,224.0,2024-12-16 06:09:05,RETURNED,WEST
86,10.0,2024-10-05 03:03:31,DELIVERED,WEST
87,250.0,2024-08-14 03:16:22,DELIVERED,WEST
88,117.0,2025-10-06 22:35:48,RETURNED,EAST
89,UNKNOWN,2025-11-30 21:16:35,DELIVERED,WEST
90,304.0,2026-04-30 23:54:41,SHIPPED,EAST
91,99.0,2025-05-18 06:09:55,RETURNED,NORTH
92,216.0,2025-12-13 10:41:58,SHIPPED,WEST
93,211.0,2025-08-04 22:44:09,CANCELLED,NORTH
94,158.0,2025-09-01 20:10:44,DELIVERED,NORTH
95,56.0,2025-11-17 01:48:40,DELIVERED,NORTH
96,234.0,2026-01-16 03:35:57,CANCELLED,WEST
97,415.0,2025-10-21 22:09:53,PLACED,WEST
98,548.0,2025-02-04 05:11:54,RETURNED,NORTH
99,600.0,2024-08-27 13:10:50,PLACED,EAST
100,109.0,2025-04-30 23:29:32,DELIVERED,NORTH
101,449.0,2025-01-07 20:43:45,PLACED,WEST
102,226.0,2025-11-03 01:57:09,CANCELLED,EAST
103,148.0,2026-01-28 23:45:45,DELIVERED,NORTH
104,569.0,2024-09-13 11:20:41,PLACED,NORTH
105,404.0,2024-07-30 14:06:03,PLACED,EAST
106,353.0,2026-07-12 22:32:55,RETURNED,SOUTH
107,227.0,2026-07-05 19:29:56,DELIVERED,SOUTH
108,581.0,2024-12-29 13:19:06,RETURNED,WEST
109,75.0,2025-12-11 18:12:44,PLACED,EAST
110,595.0,2025-08-06 02:37:14,DELIVERED,EAST
111,241.0,2026-07-11 12:51:28,RETURNED,NORTH
112,326.0,2026-06-11 12:37:24,DELIVERED,EAST
113,157.0,2026-04-27 17:12:39,DELIVERED,EAST
114,173.0,2024-09-20 12:39:40,SHIPPED,SOUTH
115,447.0,2025-07-18 23:24:47,DELIVERED,SOUTH
116,340.0,2026-04-03 14:15:08,CANCELLED,WEST
117,313.0,2025-11-28 16:25:45,PLACED,SOUTH
118,84.0,2024-09-05 13:41:30,SHIPPED,SOUTH
119,79.0,2025-04-26 18:18:27,PLACED,NORTH
120,593.0,2025-09-26 20:24:10,RETURNED,SOUTH
121,565.0,2026-02-17 21:34:56,RETURNED,WEST
122,153.0,2026-07-19 04:17:29,SHIPPED,EAST
123,514.0,2026-06-12 00:59:16,CANCELLED,EAST
124,245.0,2025-06-08 12:05:16,RETURNED,SOUTH
125,144.0,2026-04-19 21:50:35,SHIPPED,SOUTH
126,496.0,2025-05-03 02:05:47,PLACED,SOUTH
127,238.0,2026-03-29 08:02:36,DELIVERED,SOUTH
128,UNKNOWN,2026-01-21 16:19:16,DELIVERED,WEST
129,466.0,2024-09-03 16:56:58,PLACED,EAST
130,534.0,2026-04-21 03:58:33,DELIVERED,EAST
131,584.0,2025-11-11 14:37:44,CANCELLED,EAST
132,80.0,2025-02-11 21:19:15,CANCELLED,SOUTH
133,362.0,2025-09-04 07:49:17,DELIVERED,WEST
134,7.0,2024-08-20 23:59:16,SHIPPED,WEST
135,79.0,2026-02-10 18:30:31,DELIVERED,SOUTH
136,162.0,2024-09-13 02:17:17,PLACED,SOUTH
137,339.0,2026-04-29 13:33:17,CANCELLED,WEST
138,166.0,2025-03-13 11:20:59,CANCELLED,NORTH
139,131.0,2024-09-18 22:58:44,SHIPPED,SOUTH
140,41.0,2025-01-04 02:49:37,SHIPPED,NORTH
141,185.0,2025-08-27 22:03:56,CANCELLED,NORTH
142,291.0,2024-10-03 20:35:32,SHIPPED,WEST
143,483.0,2024-10-07 01:07:52,SHIPPED,SOUTH
144,147.0,2026-02-03 16:20:34,SHIPPED,EAST
145,351.0,2025-01-15 20:38:45,RETURNED,NORTH
146,395.0,2025-09-06 09:02:19,PLACED,SOUTH
147,517.0,2025-05-15 17:15:01,SHIPPED,NORTH
148,40.0,2024-12-14 13:57:23,RETURNED,NORTH
149,134.0,2024-12-17 10:09:56,RETURNED,NORTH
150,442.0,2025-09-02 03:05:18,DELIVERED,NORTH
151,440.0,2025-12-12 15:13:26,CANCELLED,WEST
152,590.0,2025-01-29 15:26:14,SHIPPED,EAST
153,239.0,2025-10-06 04:14:39,PLACED,EAST
154,557.0,2025-11-18 03:03:43,SHIPPED,NORTH
155,8.0,2024-12-06 09:03:24,PLACED,NORTH
156,211.0,2025-09-27 03:55:35,DELIVERED,WEST
157,159.0,2026-02-22 08:09:12,RETURNED,EAST
158,549.0,2025-09-26 22:40:19,DELIVERED,EAST
159,407.0,2025-06-07 21:45:36,CANCELLED,WEST
160,573.0,2026-02-19 22:37:35,DELIVERED,EAST
161,408.0,2024-10-10 09:05:06,PLACED,SOUTH
162,166.0,2026-03-07 14:42:59,RETURNED,WEST
163,564.0,2025-11-28 10:58:41,PLACED,SOUTH
164,6.0,2025-10-11 06:05:02,SHIPPED,WEST
165,446.0,2025-04-24 11:04:44,DELIVERED,SOUTH
166,39.0,2025-12-26 07:36:39,CANCELLED,EAST
167,59.0,2025-07-11 17:19:47,SHIPPED,WEST
168,207.0,2026-01-17 02:38:50,RETURNED,EAST
169,523.0,2025-12-19 03:10:28,SHIPPED,SOUTH
170,369.0,2025-06-17 03:24:47,PLACED,SOUTH
171,283.0,2026-06-06 03:11:27,DELIVERED,WEST
172,206.0,2024-10-09 06:46:03,PLACED,NORTH
173,573.0,2024-11-26 23:42:33,DELIVERED,EAST
174,284.0,2026-03-27 22:42:47,SHIPPED,WEST
175,589.0,2024-12-07 12:59:36,SHIPPED,WEST
176,573.0,2025-09-20 14:15:27,DELIVERED,EAST
177,526.0,2025-05-28 07:43:35,RETURNED,EAST
178,387.0,2025-08-16 10:18:49,SHIPPED,EAST
179,470.0,2025-04-08 13:51:15,RETURNED,NORTH
180,265.0,2025-12-13 03:26:27,SHIPPED,SOUTH
181,423.0,2024-11-20 06:46:52,RETURNED,NORTH
182,270.0,2025-09-08 02:47:04,PLACED,WEST
183,351.0,2025-10-29 09:23:53,SHIPPED,WEST
184,224.0,2025-06-29 12:30:13,DELIVERED,SOUTH
185,195.0,2026-07-15 12:13:54,SHIPPED,SOUTH
186,272.0,2025-04-20 01:57:18,SHIPPED,SOUTH
187,365.0,2026-06-21 09:41:51,PLACED,NORTH
188,505.0,2025-03-22 05:04:23,RETURNED,NORTH
189,381.0,2025-09-20 16:25:03,CANCELLED,EAST
190,524.0,2025-03-29 14:08:58,SHIPPED,SOUTH
191,434.0,2026-05-07 15:22:43,RETURNED,NORTH
192,404.0,2025-05-05 03:30:44,SHIPPED,WEST
193,531.0,2025-06-05 16:47:39,PLACED,NORTH
194,389.0,2026-03-05 23:35:14,DELIVERED,EAST
195,266.0,2025-11-24 06:37:22,DELIVERED,SOUTH
196,352.0,2025-06-19 20:54:06,CANCELLED,WEST
197,382.0,2026-04-23 02:48:11,CANCELLED,EAST
198,586.0,2026-02-04 05:18:45,RETURNED,SOUTH
199,277.0,2025-03-28 15:43:13,RETURNED,WEST
200,201.0,2025-11-04 23:48:20,SHIPPED,WEST
201,181.0,2025-01-23 09:33:07,SHIPPED,EAST
202,308.0,2025-09-30 19:56:11,RETURNED,NORTH
203,168.0,2025-09-17 05:22:07,DELIVERED,WEST
204,99.0,2025-01-02 14:04:04,DELIVERED,EAST
205,574.0,2025-05-07 17:50:26,DELIVERED,EAST
206,UNKNOWN,2026-03-07 03:59:38,RETURNED,SOUTH
207,552.0,2025-09-20 19:21:04,DELIVERED,EAST
208,523.0,2026-07-09 18:47:17,CANCELLED,NORTH
209,294.0,2026-02-18 18:06:17,SHIPPED,SOUTH
210,346.0,2025-02-02 18:43:22,RETURNED,WEST
211,74.0,2025-04-26 01:12:14,DELIVERED,SOUTH
212,299.0,2025-07-06 19:34:13,RETURNED,WEST
213,456.0,2025-07-03 00:09:32,DELIVERED,WEST
214,189.0,2025-05-24 20:27:46,SHIPPED,SOUTH
215,82.0,2024-07-20 13:48:18,CANCELLED,NORTH
216,485.0,2026-02-04 13:37:09,PLACED,WEST
217,86.0,2024-08-16 08:19:17,RETURNED,SOUTH
218,400.0,2025-02-26 09:17:25,SHIPPED,EAST
219,130.0,2025-10-26 03:58:56,SHIPPED,NORTH
220,UNKNOWN,2024-08-02 02:03:28,DELIVERED,WEST
221,554.0,2025-08-26 11:05:46,RETURNED,WEST
222,553.0,2024-11-02 08:20:18,RETURNED,WEST
223,578.0,2026-06-11 23:00:39,RETURNED,EAST
224,494.0,2025-03-11 20:53:40,PLACED,WEST
225,423.0,2024-07-25 12:36:36,DELIVERED,NORTH
226,UNKNOWN,2025-03-10 16:47:20,SHIPPED,EAST
227,548.0,2025-01-08 18:25:34,CANCELLED,WEST
228,441.0,2025-01-03 06:44:44,RETURNED,SOUTH
229,562.0,2026-05-16 01:56:35,CANCELLED,WEST
230,168.0,2025-03-22 00:24:25,CANCELLED,WEST
231,82.0,2024-08-06 06:42:04,SHIPPED,EAST
232,545.0,2026-03-11 16:23:26,CANCELLED,SOUTH
233,187.0,2026-04-19 20:13:44,PLACED,WEST
234,279.0,2026-01-07 03:27:20,CANCELLED,SOUTH
235,156.0,2026-04-20 03:38:22,RETURNED,NORTH
236,105.0,2025-02-19 18:22:19,SHIPPED,WEST
237,239.0,2026-07-04 07:38:57,PLACED,WEST
238,431.0,2025-09-23 11:11:15,CANCELLED,EAST
239,33.0,2025-08-21 12:56:58,SHIPPED,NORTH
240,402.0,2025-09-25 12:46:20,CANCELLED,SOUTH
241,257.0,2025-10-06 16:11:04,PLACED,NORTH
242,255.0,2026-07-09 14:36:13,CANCELLED,SOUTH
243,35.0,2025-10-07 09:46:30,PLACED,SOUTH
244,320.0,2024-11-17 14:15:03,SHIPPED,NORTH
245,563.0,2024-10-01 15:47:52,DELIVERED,WEST
246,204.0,2024-08-18 17:36:50,PLACED,SOUTH
247,242.0,2025-07-13 00:04:24,DELIVERED,NORTH
248,283.0,2025-04-22 16:03:43,CANCELLED,SOUTH
249,UNKNOWN,2024-11-18 16:12:20,CANCELLED,SOUTH
250,92.0,2024-11-04 22:16:26,CANCELLED,NORTH
251,347.0,2025-02-11 05:53:45,PLACED,NORTH
252,158.0,2025-05-01 13:04:45,PLACED,SOUTH
253,325.0,2026-06-11 09:58:36,DELIVERED,WEST
254,22.0,2025-10-15 14:19:38,DELIVERED,SOUTH
255,41.0,2025-01-30 11:49:43,CANCELLED,EAST
256,502.0,2025-01-17 09:29:02,SHIPPED,EAST
257,480.0,2025-02-04 10:53:22,RETURNED,SOUTH
258,159.0,2026-04-11 09:40:40,DELIVERED,EAST
259,519.0,2025-03-10 16:12:05,SHIPPED,NORTH
260,373.0,2024-09-29 19:23:38,SHIPPED,EAST
261,552.0,2025-10-06 12:48:35,SHIPPED,WEST
262,158.0,2025-05-26 22:56:16,DELIVERED,WEST
263,114.0,2025-10-05 10:17:51,PLACED,NORTH
264,133.0,2026-07-03 08:42:55,PLACED,SOUTH
265,197.0,2025-01-05 07:28:58,RETURNED,WEST
266,539.0,2026-02-10 17:52:04,RETURNED,EAST
267,UNKNOWN,2024-09-18 09:17:59,PLACED,NORTH
268,214.0,2026-02-02 10:40:37,PLACED,WEST
269,63.0,2025-03-29 14:51:24,CANCELLED,EAST
270,60.0,2026-03-28 06:57:49,DELIVERED,NORTH
271,312.0,2025-07-30 05:13:43,SHIPPED,NORTH
272,237.0,2024-12-01 17:17:39,SHIPPED,SOUTH
273,255.0,2025-08-03 16:17:24,SHIPPED,WEST
274,591.0,2026-04-22 18:25:10,CANCELLED,WEST
275,171.0,2026-06-18 17:10:55,RETURNED,WEST
276,162.0,2026-01-07 01:08:33,RETURNED,WEST
277,323.0,2026-01-17 08:11:33,DELIVERED,EAST
278,441.0,2025-10-10 23:54:35,DELIVERED,SOUTH
279,220.0,2026-04-17 23:01:48,RETURNED,EAST
280,464.0,2026-06-25 10:05:09,CANCELLED,NORTH
281,292.0,2024-10-02 11:52:23,RETURNED,SOUTH
282,310.0,2025-10-25 18:04:19,SHIPPED,SOUTH
283,23.0,2025-12-01 06:39:08,DELIVERED,SOUTH
284,472.0,2025-03-10 17:53:40,SHIPPED,EAST
285,597.0,2024-08-18 10:48:55,DELIVERED,EAST
286,410.0,2026-02-08 01:03:33,SHIPPED,NORTH
287,495.0,2026-04-09 06:43:47,RETURNED,NORTH
288,308.0,2025-10-11 00:51:54,RETURNED,WEST
289,58.0,2025-05-12 18:41:36,DELIVERED,EAST
290,445.0,2024-09-19 09:04:58,PLACED,SOUTH
291,12.0,2026-03-18 08:41:05,CANCELLED,NORTH
292,43.0,2024-09-01 20:37:59,RETURNED,SOUTH
293,227.0,2026-07-06 11:05:18,CANCELLED,WEST
294,590.0,2026-03-11 04:48:14,SHIPPED,WEST
295,404.0,2025-04-06 03:37:59,DELIVERED,NORTH
296,51.0,2025-04-16 16:02:50,DELIVERED,NORTH
297,445.0,2026-06-03 18:40:45,SHIPPED,SOUTH
298,203.0,2026-04-16 02:47:01,RETURNED,SOUTH
299,537.0,2025-06-22 18:10:44,PLACED,EAST
300,332.0,2025-06-08 22:41:08,RETURNED,NORTH
301,424.0,2026-07-12 23:12:07,DELIVERED,SOUTH
302,25.0,2026-05-25 11:42:09,SHIPPED,EAST
303,453.0,2024-10-22 01:11:47,CANCELLED,NORTH
304,240.0,2026-05-27 00:09:14,DELIVERED,SOUTH
305,88.0,2026-03-10 19:16:11,PLACED,SOUTH
306,152.0,2025-01-12 12:28:55,DELIVERED,NORTH
307,114.0,2026-02-21 03:53:55,CANCELLED,NORTH
308,551.0,2025-12-09 10:50:39,RETURNED,EAST
309,145.0,2026-05-11 05:34:44,PLACED,WEST
310,540.0,2025-10-31 05:52:28,SHIPPED,NORTH
311,278.0,2026-07-11 17:30:29,PLACED,NORTH
312,278.0,2024-07-29 07:18:38,DELIVERED,NORTH
313,UNKNOWN,2025-11-24 18:40:13,CANCELLED,SOUTH
314,521.0,2026-03-16 06:17:30,PLACED,EAST
315,545.0,2025-11-23 11:06:05,SHIPPED,WEST
316,23.0,2025-05-13 12:13:55,RETURNED,EAST
317,403.0,2024-08-31 11:10:35,PLACED,EAST
318,364.0,2025-03-14 03:43:57,SHIPPED,EAST
319,264.0,2025-08-31 17:22:21,PLACED,EAST
320,350.0,2024-08-21 09:51:04,SHIPPED,NORTH
321,534.0,2025-03-25 10:39:00,RETURNED,SOUTH
322,587.0,2025-09-12 19:10:40,DELIVERED,EAST
323,135.0,2025-10-02 04:53:52,SHIPPED,SOUTH
324,317.0,2024-11-13 14:31:55,RETURNED,SOUTH
325,149.0,2025-03-31 06:44:29,RETURNED,SOUTH
326,571.0,2025-08-14 15:36:11,PLACED,SOUTH
327,150.0,2026-01-13 09:30:31,DELIVERED,WEST
328,311.0,2025-01-07 22:06:57,DELIVERED,SOUTH
329,110.0,2024-11-16 09:57:59,PLACED,EAST
330,237.0,2024-08-28 15:54:57,SHIPPED,NORTH
331,489.0,2025-12-25 15:37:45,RETURNED,WEST
332,383.0,2026-02-08 15:46:16,CANCELLED,WEST
333,168.0,2025-05-21 14:01:21,PLACED,WEST
334,16.0,2025-07-01 13:02:49,CANCELLED,SOUTH
335,208.0,2026-02-25 04:07:00,PLACED,SOUTH
336,450.0,2025-10-25 16:13:35,CANCELLED,EAST
337,253.0,2025-10-10 05:41:09,PLACED,WEST
338,404.0,2025-08-16 10:59:43,RETURNED,NORTH
339,463.0,2024-09-28 09:25:34,PLACED,SOUTH
340,406.0,2025-01-08 22:08:04,PLACED,WEST
341,51.0,2025-06-20 22:01:22,CANCELLED,WEST
342,293.0,2025-03-02 12:06:19,CANCELLED,EAST
343,56.0,2026-03-23 05:07:33,SHIPPED,WEST
344,463.0,2025-05-22 16:51:38,RETURNED,NORTH
345,600.0,2024-11-12 09:18:34,RETURNED,SOUTH
346,332.0,2024-10-31 02:20:26,SHIPPED,WEST
347,207.0,2025-04-07 12:47:14,PLACED,EAST
348,168.0,2024-09-22 12:54:38,PLACED,NORTH
349,461.0,2025-07-25 00:43:55,PLACED,WEST
350,524.0,2025-10-07 06:34:58,SHIPPED,WEST
351,45.0,2026-02-19 07:50:15,DELIVERED,SOUTH
352,149.0,2024-08-27 17:23:01,PLACED,WEST
353,457.0,2025-09-19 04:27:35,SHIPPED,NORTH
354,208.0,2025-05-26 11:37:24,DELIVERED,NORTH
355,511.0,2025-02-09 08:35:37,PLACED,WEST
356,488.0,2024-09-24 12:08:44,CANCELLED,NORTH
357,7.0,2025-05-25 23:14:26,RETURNED,EAST
358,571.0,2025-08-14 04:49:09,SHIPPED,NORTH
359,57.0,2025-06-22 21:39:34,PLACED,SOUTH
360,592.0,2026-03-13 11:18:15,DELIVERED,EAST
361,51.0,2026-01-13 11:24:27,SHIPPED,SOUTH
362,587.0,2024-10-29 16:31:39,SHIPPED,WEST
363,369.0,2026-03-04 07:28:53,PLACED,EAST
364,389.0,2024-11-02 04:19:53,CANCELLED,NORTH
365,138.0,2025-07-28 23:12:12,DELIVERED,EAST
366,538.0,2025-09-27 20:11:41,SHIPPED,NORTH
367,542.0,2024-12-21 07:10:08,CANCELLED,EAST
368,325.0,2025-08-03 08:32:54,RETURNED,EAST
369,577.0,2025-05-23 11:26:05,CANCELLED,WEST
370,239.0,2025-12-09 00:57:01,SHIPPED,NORTH
371,477.0,2025-10-07 04:32:03,PLACED,SOUTH
372,425.0,2024-12-19 17:42:51,DELIVERED,EAST
373,218.0,2025-09-29 07:04:50,SHIPPED,EAST
374,70.0,2025-11-10 21:10:17,RETURNED,EAST
375,117.0,2026-02-11 19:59:57,DELIVERED,WEST
376,30.0,2025-08-31 14:50:43,SHIPPED,EAST
377,491.0,2025-01-27 16:30:48,PLACED,SOUTH
378,472.0,2025-01-24 15:14:20,RETURNED,EAST
379,424.0,2024-09-14 01:41:56,PLACED,EAST
380,324.0,2025-02-12 05:33:00,PLACED,SOUTH
381,340.0,2026-03-15 18:14:09,DELIVERED,NORTH
382,288.0,2025-06-19 11:09:52,DELIVERED,WEST
383,170.0,2025-03-28 14:59:17,CANCELLED,SOUTH
384,316.0,2026-01-03 06:35:57,DELIVERED,NORTH
385,89.0,2026-07-08 05:20:26,SHIPPED,EAST
386,310.0,2025-10-10 19:54:59,DELIVERED,SOUTH
387,39.0,2024-09-28 00:19:25,PLACED,WEST
388,495.0,2024-10-15 19:52:01,SHIPPED,SOUTH
389,496.0,2025-12-24 04:26:25,RETURNED,EAST
390,147.0,2025-06-06 15:53:11,PLACED,SOUTH
391,38.0,2025-06-14 09:31:38,RETURNED,NORTH
392,UNKNOWN,2025-04-30 03:14:26,RETURNED,NORTH
393,48.0,2025-04-16 23:05:14,DELIVERED,NORTH
394,320.0,2024-12-15 09:08:40,SHIPPED,EAST
395,294.0,2025-03-26 13:09:17,DELIVERED,WEST
396,280.0,2025-04-14 00:34:05,DELIVERED,NORTH
397,UNKNOWN,2025-10-24 16:49:50,RETURNED,NORTH
398,359.0,2025-12-11 11:53:01,DELIVERED,SOUTH
399,291.0,2024-08-08 05:24:22,SHIPPED,NORTH
400,347.0,2026-03-10 06:03:27,PLACED,SOUTH
401,UNKNOWN,2025-03-14 04:23:36,PLACED,NORTH
402,89.0,2024-11-28 21:18:18,SHIPPED,WEST
403,320.0,2025-04-18 01:20:40,SHIPPED,NORTH
404,477.0,2025-11-11 01:21:00,PLACED,WEST
405,318.0,2026-04-19 13:35:42,CANCELLED,WEST
406,230.0,2026-04-04 23:21:39,RETURNED,EAST
407,402.0,2025-06-28 21:33:07,DELIVERED,EAST
408,31.0,2025-11-16 11:06:56,PLACED,EAST
409,175.0,2024-11-10 16:24:42,DELIVERED,SOUTH
410,416.0,2025-06-27 12:59:30,PLACED,EAST
411,73.0,2024-08-24 06:44:11,RETURNED,WEST
412,424.0,2026-07-08 06:44:28,SHIPPED,SOUTH
413,394.0,2026-04-16 21:59:18,SHIPPED,WEST
414,446.0,2025-01-17 18:43:11,DELIVERED,SOUTH
415,80.0,2024-12-22 12:33:37,RETURNED,WEST
416,475.0,2026-01-03 18:10:49,PLACED,WEST
417,416.0,2025-05-06 18:40:58,PLACED,WEST
418,63.0,2024-11-18 14:02:43,SHIPPED,NORTH
419,153.0,2026-02-28 23:20:23,DELIVERED,WEST
420,458.0,2026-02-06 06:08:08,DELIVERED,EAST
421,312.0,2026-05-13 18:50:03,CANCELLED,EAST
422,597.0,2024-09-25 01:51:19,RETURNED,WEST
423,302.0,2024-10-15 16:55:09,RETURNED,NORTH
424,UNKNOWN,2026-02-14 20:57:33,DELIVERED,NORTH
425,32.0,2024-08-31 18:49:14,RETURNED,WEST
426,392.0,2025-01-25 04:54:25,CANCELLED,SOUTH
427,487.0,2025-11-14 18:28:58,RETURNED,WEST
428,369.0,2026-07-10 05:39:07,SHIPPED,EAST
429,129.0,2024-11-12 03:03:30,PLACED,NORTH
430,499.0,2026-05-26 04:52:33,SHIPPED,NORTH
431,426.0,2026-04-28 00:03:11,RETURNED,WEST
432,466.0,2026-04-18 10:33:48,RETURNED,WEST
433,232.0,2025-02-28 20:59:49,RETURNED,NORTH
434,243.0,2024-07-31 02:09:55,DELIVERED,WEST
435,591.0,2025-04-13 01:12:01,PLACED,WEST
436,116.0,2026-01-10 07:26:19,PLACED,SOUTH
437,540.0,2026-04-06 03:02:19,DELIVERED,WEST
438,536.0,2024-10-14 20:31:49,PLACED,SOUTH
439,80.0,2025-03-14 09:58:15,RETURNED,EAST
440,352.0,2025-07-04 23:54:50,PLACED,WEST
441,481.0,2025-07-21 09:46:56,DELIVERED,WEST
442,302.0,2024-08-07 02:12:50,PLACED,EAST
443,578.0,2025-04-04 04:47:19,CANCELLED,SOUTH
444,299.0,2024-12-29 18:22:42,RETURNED,NORTH
445,85.0,2026-02-15 05:00:00,PLACED,EAST
446,288.0,2025-09-11 07:18:25,DELIVERED,NORTH
447,179.0,2024-12-31 23:48:01,SHIPPED,WEST
448,180.0,2024-12-25 17:17:27,SHIPPED,WEST
449,541.0,2025-09-17 20:14:38,DELIVERED,NORTH
450,158.0,2025-08-30 20:32:28,CANCELLED,WEST
451,451.0,2026-02-23 05:47:31,SHIPPED,SOUTH
452,354.0,2025-02-06 07:53:34,DELIVERED,NORTH
453,476.0,2025-09-19 16:31:58,DELIVERED,WEST
454,546.0,2025-07-30 14:25:18,CANCELLED,WEST
455,544.0,2025-11-16 08:30:10,PLACED,EAST
456,460.0,2026-02-07 08:55:12,DELIVERED,NORTH
457,545.0,2024-11-07 05:03:54,CANCELLED,EAST
458,274.0,2026-01-11 07:13:24,DELIVERED,WEST
459,248.0,2026-01-14 03:53:59,RETURNED,SOUTH
460,185.0,2025-12-21 11:26:18,PLACED,NORTH
461,13.0,2024-08-03 16:56:42,RETURNED,NORTH
462,360.0,2025-05-08 22:36:55,DELIVERED,EAST
463,25.0,2025-10-16 06:09:29,PLACED,SOUTH
464,125.0,2026-06-24 03:58:24,PLACED,NORTH
465,134.0,2025-12-17 19:13:23,RETURNED,SOUTH
466,189.0,2025-09-02 14:24:18,CANCELLED,NORTH
467,284.0,2024-08-23 04:43:18,DELIVERED,EAST
468,76.0,2025-02-03 20:12:35,PLACED,WEST
469,62.0,2024-11-29 17:08:48,DELIVERED,SOUTH
470,504.0,2024-09-05 02:41:27,SHIPPED,WEST
471,504.0,2025-02-26 00:33:16,RETURNED,WEST
472,109.0,2024-12-23 07:24:14,DELIVERED,NORTH
473,UNKNOWN,2026-03-25 09:41:53,DELIVERED,WEST
474,UNKNOWN,2026-01-12 10:21:24,PLACED,NORTH
475,273.0,2025-11-12 09:51:24,DELIVERED,WEST
476,528.0,2025-02-16 03:12:40,CANCELLED,WEST
477,72.0,2024-08-30 15:44:20,PLACED,WEST
478,494.0,2025-07-16 13:39:22,RETURNED,EAST
479,311.0,2025-12-10 23:43:46,PLACED,EAST
480,349.0,2024-07-26 21:31:07,CANCELLED,EAST
481,181.0,2024-09-10 03:37:52,CANCELLED,SOUTH
482,400.0,2025-05-18 07:01:44,DELIVERED,WEST
483,449.0,2025-12-15 08:24:00,SHIPPED,NORTH
484,245.0,2025-02-16 03:45:01,PLACED,EAST
485,461.0,2025-12-17 09:01:54,PLACED,NORTH
486,346.0,2026-05-13 06:08:08,PLACED,WEST
487,536.0,2026-06-29 11:15:56,RETURNED,SOUTH
488,239.0,2025-12-15 03:19:16,PLACED,SOUTH
489,20.0,2025-04-26 05:07:47,RETURNED,NORTH
490,134.0,2026-05-22 17:32:51,PLACED,EAST
491,100.0,2024-10-12 05:24:01,SHIPPED,NORTH
492,109.0,2024-08-04 05:48:14,RETURNED,SOUTH
493,208.0,2025-03-04 14:40:15,CANCELLED,EAST
494,590.0,2026-05-25 03:51:39,DELIVERED,SOUTH
495,178.0,2026-06-06 13:58:15,PLACED,EAST
496,426.0,2025-12-06 20:03:34,DELIVERED,SOUTH
497,596.0,2025-05-16 15:28:24,PLACED,WEST
498,17.0,2025-01-15 23:27:13,PLACED,NORTH
499,UNKNOWN,2025-05-12 02:56:35,RETURNED,EAST
500,488.0,2025-08-19 10:02:13,SHIPPED,SOUTH
501,536.0,2026-01-22 15:42:59,SHIPPED,SOUTH
502,39.0,2024-10-05 18:54:21,CANCELLED,NORTH
503,309.0,2026-06-22 11:33:17,PLACED,SOUTH
504,543.0,2025-03-22 10:41:01,RETURNED,EAST
505,553.0,2025-07-31 20:54:56,CANCELLED,SOUTH
506,199.0,2026-05-24 15:58:24,SHIPPED,WEST
507,164.0,2025-10-27 05:01:42,PLACED,NORTH
508,292.0,2025-09-06 07:10:01,DELIVERED,EAST
509,465.0,2024-09-26 18:58:57,PLACED,SOUTH
510,30.0,2024-12-12 05:13:49,PLACED,NORTH
511,456.0,2024-12-21 21:27:38,DELIVERED,WEST
512,334.0,2025-08-13 06:57:57,PLACED,EAST
513,243.0,2025-07-11 03:38:27,SHIPPED,WEST
514,76.0,2025-09-28 22:07:53,CANCELLED,NORTH
515,149.0,2026-07-09 22:34:24,RETURNED,WEST
516,383.0,2026-01-24 19:32:48,SHIPPED,EAST
517,208.0,2024-08-06 02:43:56,PLACED,NORTH
518,114.0,2024-08-20 07:11:48,CANCELLED,WEST
519,352.0,2025-01-28 13:52:55,DELIVERED,SOUTH
520,175.0,2026-07-06 18:31:09,RETURNED,SOUTH
521,535.0,2025-09-04 15:10:33,SHIPPED,WEST
522,286.0,2025-03-14 06:25:09,CANCELLED,SOUTH
523,445.0,2025-04-05 12:20:49,RETURNED,SOUTH
524,6.0,2025-08-04 23:10:06,PLACED,NORTH
525,517.0,2025-05-21 23:39:44,RETURNED,WEST
526,101.0,2026-02-18 14:36:25,SHIPPED,NORTH
527,13.0,2024-11-19 08:56:54,CANCELLED,SOUTH
528,303.0,2024-08-03 16:38:29,PLACED,NORTH
529,313.0,2025-04-15 18:36:15,CANCELLED,NORTH
530,475.0,2026-01-02 22:38:47,CANCELLED,SOUTH
531,380.0,2025-04-19 18:17:37,PLACED,NORTH
532,341.0,2025-04-22 10:53:12,DELIVERED,WEST
533,556.0,2025-11-18 01:18:30,SHIPPED,NORTH
534,344.0,2025-03-12 05:55:38,PLACED,EAST
535,114.0,2025-01-19 21:20:03,CANCELLED,NORTH
536,180.0,2025-08-13 18:09:46,PLACED,SOUTH
537,343.0,2025-02-19 16:54:07,PLACED,WEST
538,595.0,2026-04-12 00:56:17,SHIPPED,SOUTH
539,274.0,2024-09-06 14:06:10,CANCELLED,EAST
540,382.0,2025-11-18 11:46:24,CANCELLED,NORTH
541,545.0,2025-02-05 13:38:59,RETURNED,EAST
542,377.0,2026-06-02 21:53:23,PLACED,SOUTH
543,469.0,2025-05-17 03:32:28,CANCELLED,SOUTH
544,79.0,2026-06-12 00:27:22,DELIVERED,NORTH
545,509.0,2026-04-14 08:13:27,SHIPPED,NORTH
546,555.0,2024-08-12 07:26:32,CANCELLED,EAST
547,22.0,2025-09-24 10:58:39,PLACED,NORTH
548,238.0,2025-02-23 01:21:00,RETURNED,EAST
549,352.0,2025-01-11 15:19:28,DELIVERED,WEST
550,543.0,2024-11-15 06:12:13,CANCELLED,WEST
551,136.0,2025-04-11 21:30:50,DELIVERED,SOUTH
552,233.0,2026-06-17 06:43:06,DELIVERED,NORTH
553,292.0,2025-05-21 13:20:58,SHIPPED,SOUTH
554,293.0,2025-12-12 16:15:14,SHIPPED,SOUTH
555,120.0,2024-11-04 00:52:58,DELIVERED,SOUTH
556,379.0,2024-09-26 14:46:33,RETURNED,NORTH
557,353.0,2026-02-07 08:17:16,CANCELLED,SOUTH
558,125.0,2025-05-13 07:00:55,CANCELLED,WEST
559,470.0,2025-08-28 21:02:32,SHIPPED,NORTH
560,560.0,2025-12-29 00:53:57,DELIVERED,EAST
561,297.0,2025-11-08 03:01:25,RETURNED,SOUTH
562,453.0,2026-05-29 06:29:34,PLACED,WEST
563,143.0,2025-11-18 06:46:55,PLACED,EAST
564,UNKNOWN,2026-01-04 15:52:49,SHIPPED,WEST
565,335.0,2025-01-13 01:43:23,SHIPPED,SOUTH
566,285.0,2025-06-09 13:48:56,PLACED,WEST
567,90.0,2025-01-23 02:48:30,CANCELLED,SOUTH
568,524.0,2025-10-08 09:45:41,DELIVERED,WEST
569,438.0,2024-11-16 01:36:32,DELIVERED,NORTH
570,360.0,2025-06-16 16:02:31,CANCELLED,NORTH
571,455.0,2025-03-20 01:23:42,CANCELLED,WEST
572,435.0,2026-06-27 00:51:18,CANCELLED,SOUTH
573,89.0,2025-11-02 15:03:08,DELIVERED,WEST
574,538.0,2025-04-02 04:28:14,PLACED,WEST
575,420.0,2025-07-04 07:16:43,DELIVERED,WEST
576,474.0,2025-09-14 14:07:41,SHIPPED,SOUTH
577,391.0,2024-10-30 18:34:08,CANCELLED,NORTH
578,310.0,2024-12-28 00:23:35,DELIVERED,WEST
579,475.0,2025-12-09 05:07:48,PLACED,SOUTH
580,484.0,2024-11-05 01:24:43,DELIVERED,WEST
581,251.0,2025-10-14 17:21:20,DELIVERED,WEST
582,69.0,2025-09-13 21:43:30,DELIVERED,WEST
583,265.0,2026-01-02 17:44:56,CANCELLED,NORTH
584,590.0,2026-04-02 21:11:51,DELIVERED,SOUTH
585,150.0,2024-12-24 13:29:39,SHIPPED,EAST
586,280.0,2026-05-21 09:57:28,DELIVERED,NORTH
587,543.0,2024-11-04 16:42:31,PLACED,SOUTH
588,188.0,2025-03-17 10:18:21,RETURNED,SOUTH
589,324.0,2026-01-06 05:19:36,DELIVERED,EAST
590,372.0,2026-01-19 02:51:11,RETURNED,EAST
591,14.0,2026-06-18 10:04:52,DELIVERED,EAST
592,422.0,2025-08-31 06:36:00,SHIPPED,NORTH
593,516.0,2026-06-26 21:38:10,SHIPPED,NORTH
594,79.0,2024-11-02 11:26:51,SHIPPED,NORTH
595,320.0,2025-06-19 11:08:16,SHIPPED,WEST
596,536.0,2026-06-26 11:11:07,DELIVERED,SOUTH
597,30.0,2026-03-10 12:55:50,PLACED,SOUTH
598,146.0,2024-11-10 03:59:42,DELIVERED,SOUTH
599,81.0,2025-12-12 03:12:17,PLACED,NORTH
600,UNKNOWN,2026-07-15 03:05:49,CANCELLED,NORTH
601,34.0,2025-10-02 03:37:08,RETURNED,NORTH
602,260.0,2026-07-02 18:22:02,DELIVERED,NORTH
603,127.0,2024-11-20 04:23:06,SHIPPED,SOUTH
604,360.0,2025-03-24 00:43:00,SHIPPED,EAST
605,357.0,2024-09-11 02:18:13,RETURNED,SOUTH
606,70.0,2025-09-26 07:44:04,RETURNED,NORTH
607,197.0,2025-09-07 09:16:53,SHIPPED,NORTH
608,102.0,2026-01-30 05:30:05,RETURNED,WEST
609,190.0,2024-10-20 09:03:26,PLACED,SOUTH
610,389.0,2024-12-10 10:41:15,RETURNED,SOUTH
611,322.0,2025-03-24 02:36:23,PLACED,SOUTH
612,370.0,2026-05-03 11:59:31,RETURNED,NORTH
613,506.0,2026-06-03 15:48:05,DELIVERED,WEST
614,320.0,2024-11-10 10:54:01,CANCELLED,SOUTH
615,298.0,2026-02-05 03:54:11,CANCELLED,SOUTH
616,488.0,2024-08-12 07:46:03,DELIVERED,SOUTH
617,UNKNOWN,2026-03-06 22:54:04,PLACED,WEST
618,88.0,2025-03-24 22:55:22,CANCELLED,WEST
619,105.0,2026-06-04 01:00:21,SHIPPED,NORTH
620,204.0,2025-06-07 00:25:34,RETURNED,WEST
621,435.0,2025-06-04 20:26:48,DELIVERED,EAST
622,410.0,2025-03-13 00:58:36,RETURNED,WEST
623,524.0,2025-06-29 12:21:37,CANCELLED,NORTH
624,502.0,2026-02-19 13:19:51,SHIPPED,NORTH
625,55.0,2026-07-15 16:51:54,CANCELLED,NORTH
626,392.0,2026-04-19 15:43:43,DELIVERED,SOUTH
627,99.0,2026-06-14 21:57:04,RETURNED,WEST
628,207.0,2025-11-27 01:51:15,CANCELLED,WEST
629,556.0,2026-07-15 07:11:59,RETURNED,NORTH
630,33.0,2026-02-13 21:48:22,PLACED,WEST
631,386.0,2025-02-18 02:05:19,PLACED,NORTH
632,311.0,2024-11-15 10:50:35,SHIPPED,WEST
633,320.0,2026-03-17 13:46:55,CANCELLED,NORTH
634,503.0,2024-12-13 09:29:40,RETURNED,WEST
635,161.0,2024-10-11 08:31:19,CANCELLED,EAST
636,387.0,2024-10-30 14:21:04,DELIVERED,EAST
637,29.0,2024-12-10 22:04:57,SHIPPED,EAST
638,598.0,2024-08-09 18:31:42,DELIVERED,WEST
639,354.0,2026-03-04 15:12:34,CANCELLED,EAST
640,251.0,2025-11-07 18:19:19,DELIVERED,NORTH
641,68.0,2025-11-11 14:52:29,PLACED,EAST
642,552.0,2025-02-12 16:50:16,CANCELLED,WEST
643,432.0,2025-11-02 19:26:40,CANCELLED,NORTH
644,387.0,2025-10-03 20:36:27,DELIVERED,NORTH
645,103.0,2025-11-08 01:24:49,SHIPPED,EAST
646,348.0,2025-01-15 18:39:28,DELIVERED,EAST
647,207.0,2025-10-26 15:07:38,PLACED,SOUTH
648,49.0,2025-01-16 18:21:16,RETURNED,WEST
649,95.0,2025-01-15 18:40:37,RETURNED,NORTH
650,280.0,2026-01-05 07:48:39,RETURNED,WEST
651,356.0,2024-08-09 16:24:30,DELIVERED,EAST
652,553.0,2025-04-25 11:16:30,CANCELLED,WEST
653,528.0,2024-09-20 03:41:15,RETURNED,SOUTH
654,529.0,2026-01-05 22:02:29,RETURNED,WEST
655,479.0,2026-03-18 03:10:23,RETURNED,WEST
656,62.0,2025-07-25 14:40:03,DELIVERED,WEST
657,155.0,2024-11-01 13:42:51,DELIVERED,WEST
658,66.0,2025-08-14 14:10:02,CANCELLED,EAST
659,165.0,2026-05-08 15:19:05,RETURNED,SOUTH
660,117.0,2025-11-02 02:48:09,PLACED,SOUTH
661,318.0,2025-07-19 12:32:35,RETURNED,WEST
662,38.0,2026-01-24 11:09:24,DELIVERED,SOUTH
663,UNKNOWN,2025-12-06 22:59:37,DELIVERED,SOUTH
664,44.0,2025-05-06 21:16:00,CANCELLED,NORTH
665,86.0,2024-12-10 07:43:42,DELIVERED,NORTH
666,417.0,2026-05-13 07:00:08,PLACED,WEST
667,144.0,2025-05-17 08:56:29,RETURNED,NORTH
668,595.0,2025-08-06 03:22:05,RETURNED,EAST
669,93.0,2025-07-23 11:18:18,PLACED,EAST
670,599.0,2024-11-04 05:34:52,SHIPPED,WEST
671,110.0,2024-11-24 15:21:27,DELIVERED,WEST
672,58.0,2024-12-17 12:46:57,DELIVERED,NORTH
673,434.0,2025-01-12 04:11:38,SHIPPED,EAST
674,149.0,2024-08-14 10:57:38,DELIVERED,EAST
675,UNKNOWN,2025-06-02 18:48:44,RETURNED,NORTH
676,56.0,2026-03-06 06:11:43,SHIPPED,EAST
677,317.0,2024-08-01 02:02:39,DELIVERED,NORTH
678,243.0,2026-07-09 05:31:07,CANCELLED,NORTH
679,403.0,2025-02-15 00:41:20,DELIVERED,EAST
680,242.0,2025-06-06 05:51:25,SHIPPED,WEST
681,417.0,2025-01-09 06:52:10,DELIVERED,NORTH
682,504.0,2026-02-17 00:52:33,CANCELLED,EAST
683,103.0,2025-12-23 20:49:33,DELIVERED,NORTH
684,561.0,2024-12-24 23:15:00,CANCELLED,NORTH
685,189.0,2026-03-01 00:08:16,SHIPPED,NORTH
686,313.0,2024-12-26 07:28:20,PLACED,NORTH
687,529.0,2024-09-09 19:01:43,SHIPPED,WEST
688,328.0,2024-12-04 23:08:06,SHIPPED,EAST
689,336.0,2026-07-10 12:36:52,SHIPPED,NORTH
690,187.0,2025-06-26 15:01:40,CANCELLED,SOUTH
691,UNKNOWN,2026-05-24 22:36:52,RETURNED,SOUTH
692,474.0,2025-11-11 16:58:42,SHIPPED,NORTH
693,440.0,2025-08-04 23:21:21,SHIPPED,NORTH
694,175.0,2026-01-05 16:50:54,PLACED,NORTH
695,446.0,2025-03-29 18:39:06,CANCELLED,WEST
696,209.0,2026-05-24 16:00:49,DELIVERED,EAST
697,392.0,2025-07-10 19:24:50,SHIPPED,SOUTH
698,290.0,2026-06-09 19:58:39,SHIPPED,WEST
699,150.0,2025-01-28 02:32:33,DELIVERED,SOUTH
700,255.0,2025-06-17 12:22:26,CANCELLED,NORTH
701,UNKNOWN,2025-05-30 21:25:18,DELIVERED,WEST
702,393.0,2026-03-15 07:50:58,RETURNED,EAST
703,571.0,2024-08-21 21:51:23,DELIVERED,SOUTH
704,363.0,2025-11-04 14:47:38,RETURNED,NORTH
705,UNKNOWN,2026-02-11 13:44:10,CANCELLED,EAST
706,380.0,2026-04-21 16:45:20,RETURNED,NORTH
707,267.0,2025-05-11 20:50:48,CANCELLED,EAST
708,136.0,2026-01-30 19:40:35,RETURNED,WEST
709,120.0,2025-03-20 10:59:25,SHIPPED,WEST
710,288.0,2025-05-22 13:39:36,CANCELLED,EAST
711,270.0,2025-11-07 09:26:07,DELIVERED,EAST
712,169.0,2026-07-19 20:58:50,CANCELLED,SOUTH
713,451.0,2026-02-17 02:45:44,SHIPPED,NORTH
714,37.0,2025-10-07 15:47:21,SHIPPED,WEST
715,507.0,2025-10-24 15:30:02,DELIVERED,WEST
716,116.0,2025-09-09 20:53:37,SHIPPED,NORTH
717,209.0,2025-09-01 09:09:54,SHIPPED,SOUTH
718,280.0,2025-11-30 14:36:20,RETURNED,SOUTH
719,5.0,2026-05-31 15:56:10,RETURNED,SOUTH
720,79.0,2026-01-18 07:46:03,CANCELLED,NORTH
721,27.0,2026-03-23 15:24:28,PLACED,WEST
722,109.0,2024-08-19 08:04:24,SHIPPED,NORTH
723,492.0,2025-08-28 19:45:39,DELIVERED,NORTH
724,45.0,2024-10-13 07:57:42,CANCELLED,EAST
725,583.0,2025-07-06 04:46:16,PLACED,EAST
726,57.0,2025-07-10 07:23:58,RETURNED,WEST
727,262.0,2026-04-23 18:44:38,CANCELLED,NORTH
728,UNKNOWN,2026-06-02 04:55:14,CANCELLED,WEST
729,158.0,2024-08-22 08:50:53,CANCELLED,WEST
730,318.0,2026-06-02 05:09:44,RETURNED,SOUTH
731,99.0,2025-01-27 06:44:30,RETURNED,SOUTH
732,398.0,2025-08-27 07:28:35,RETURNED,WEST
733,433.0,2025-09-11 04:45:57,RETURNED,SOUTH
734,437.0,2025-05-23 16:53:07,RETURNED,EAST
735,230.0,2026-02-11 10:43:19,SHIPPED,WEST
736,538.0,2024-08-19 21:51:41,CANCELLED,WEST
737,490.0,2025-09-26 14:27:27,SHIPPED,EAST
738,536.0,2025-05-17 07:46:39,RETURNED,NORTH
739,47.0,2025-08-25 07:27:25,RETURNED,WEST
740,476.0,2026-03-06 17:46:19,RETURNED,EAST
741,600.0,2025-11-22 06:17:57,RETURNED,NORTH
742,474.0,2024-08-27 17:05:31,SHIPPED,WEST
743,UNKNOWN,2024-12-14 21:13:30,DELIVERED,EAST
744,466.0,2025-03-03 14:08:06,CANCELLED,EAST
745,192.0,2025-06-26 20:02:11,PLACED,EAST
746,109.0,2025-05-25 14:09:34,PLACED,NORTH
747,14.0,2026-06-07 08:31:26,CANCELLED,WEST
748,499.0,2025-03-13 23:27:32,RETURNED,EAST
749,405.0,2026-03-13 08:32:35,PLACED,SOUTH
750,196.0,2026-04-24 06:07:55,PLACED,SOUTH
751,215.0,2025-02-27 11:59:33,SHIPPED,SOUTH
752,552.0,2025-07-13 18:17:34,DELIVERED,WEST
753,433.0,2024-11-26 17:41:36,SHIPPED,SOUTH
754,456.0,2025-06-13 13:25:27,CANCELLED,NORTH
755,600.0,2025-03-06 02:32:23,DELIVERED,WEST
756,9.0,2025-11-08 15:48:34,CANCELLED,WEST
757,593.0,2026-07-04 06:10:18,RETURNED,EAST
758,UNKNOWN,2024-08-31 18:58:54,RETURNED,WEST
759,63.0,2026-01-07 07:48:49,CANCELLED,EAST
760,275.0,2025-08-25 23:10:15,CANCELLED,WEST
761,356.0,2026-06-22 07:53:36,CANCELLED,NORTH
762,197.0,2024-11-07 21:41:49,CANCELLED,SOUTH
763,348.0,2025-07-15 11:53:46,CANCELLED,SOUTH
764,400.0,2026-04-26 00:29:40,DELIVERED,WEST
765,166.0,2025-12-04 06:21:48,DELIVERED,NORTH
766,133.0,2025-07-06 06:25:15,SHIPPED,WEST
767,426.0,2024-09-28 16:05:49,CANCELLED,EAST
768,571.0,2026-02-01 17:16:15,PLACED,EAST
769,366.0,2025-08-13 07:05:45,SHIPPED,NORTH
770,346.0,2024-10-16 07:49:46,RETURNED,SOUTH
771,230.0,2024-12-07 01:20:23,DELIVERED,EAST
772,571.0,2026-03-17 06:45:32,SHIPPED,NORTH
773,449.0,2025-10-18 03:41:41,PLACED,NORTH
774,105.0,2026-07-18 20:48:31,PLACED,NORTH
775,121.0,2026-06-15 01:38:27,DELIVERED,SOUTH
776,453.0,2026-01-12 02:39:59,CANCELLED,NORTH
777,373.0,2025-09-17 19:55:30,SHIPPED,NORTH
778,450.0,2024-11-02 12:27:27,PLACED,SOUTH
779,486.0,2025-05-21 17:27:10,RETURNED,SOUTH
780,382.0,2025-06-06 15:27:45,CANCELLED,EAST
781,252.0,2025-03-28 15:54:25,RETURNED,WEST
782,142.0,2025-07-05 15:16:47,CANCELLED,WEST
783,529.0,2024-08-08 18:33:13,DELIVERED,NORTH
784,11.0,2024-12-06 08:41:48,RETURNED,NORTH
785,323.0,2025-07-07 19:22:48,SHIPPED,WEST
786,38.0,2025-10-21 22:26:10,SHIPPED,NORTH
787,533.0,2026-06-16 20:19:12,CANCELLED,WEST
788,567.0,2026-01-24 22:37:34,DELIVERED,EAST
789,UNKNOWN,2026-06-16 04:59:08,RETURNED,SOUTH
790,457.0,2024-12-24 06:26:37,RETURNED,WEST
791,415.0,2026-06-05 22:03:13,DELIVERED,NORTH
792,UNKNOWN,2025-07-08 14:04:03,SHIPPED,EAST
793,524.0,2024-09-28 11:13:44,RETURNED,EAST
794,164.0,2025-01-30 16:01:48,RETURNED,EAST
795,312.0,2025-03-29 03:21:00,RETURNED,NORTH
796,382.0,2026-01-08 16:42:20,RETURNED,EAST
797,128.0,2025-12-06 04:29:57,RETURNED,NORTH
798,242.0,2026-06-25 00:53:32,RETURNED,SOUTH
799,292.0,2026-01-24 00:54:56,RETURNED,SOUTH
800,533.0,2026-03-31 01:44:15,PLACED,EAST
801,198.0,2024-11-24 19:13:42,DELIVERED,WEST
802,436.0,2026-01-29 09:38:01,PLACED,NORTH
803,134.0,2026-02-09 23:09:32,CANCELLED,NORTH
804,539.0,2024-10-24 09:11:22,RETURNED,WEST
805,599.0,2024-09-29 06:05:10,CANCELLED,WEST
806,502.0,2024-10-17 02:20:49,CANCELLED,SOUTH
807,131.0,2026-01-19 23:10:42,CANCELLED,SOUTH
808,526.0,2025-07-04 11:33:07,PLACED,SOUTH
809,34.0,2025-11-24 22:07:29,RETURNED,EAST
810,122.0,2025-04-28 07:54:48,CANCELLED,NORTH
811,586.0,2024-09-24 16:23:15,RETURNED,SOUTH
812,313.0,2025-08-31 06:49:14,DELIVERED,EAST
813,147.0,2026-01-20 18:47:48,RETURNED,WEST
814,UNKNOWN,2025-05-14 18:03:57,DELIVERED,SOUTH
815,501.0,2026-02-05 00:04:07,RETURNED,EAST
816,46.0,2026-03-26 20:42:30,RETURNED,EAST
817,346.0,2025-08-21 20:18:44,CANCELLED,SOUTH
818,517.0,2025-11-07 20:01:02,CANCELLED,WEST
819,334.0,2024-11-21 14:54:15,RETURNED,WEST
820,405.0,2025-05-10 13:14:22,PLACED,WEST
821,91.0,2025-09-20 21:20:57,PLACED,EAST
822,127.0,2025-05-12 01:11:14,PLACED,SOUTH
823,555.0,2024-08-23 12:37:37,PLACED,SOUTH
824,515.0,2026-03-09 03:34:07,PLACED,SOUTH
825,282.0,2024-11-30 03:41:06,SHIPPED,WEST
826,547.0,2026-06-28 23:46:57,CANCELLED,NORTH
827,24.0,2025-04-06 18:36:40,SHIPPED,WEST
828,UNKNOWN,2025-10-02 15:41:07,CANCELLED,EAST
829,102.0,2026-05-28 04:28:05,DELIVERED,SOUTH
830,92.0,2025-12-14 16:41:41,CANCELLED,SOUTH
831,334.0,2026-05-21 11:32:20,PLACED,EAST
832,328.0,2024-11-14 00:02:01,DELIVERED,EAST
833,124.0,2024-11-23 08:22:13,SHIPPED,SOUTH
834,517.0,2026-05-26 06:06:35,PLACED,EAST
835,476.0,2024-11-09 17:50:06,PLACED,WEST
836,UNKNOWN,2024-12-06 08:28:35,PLACED,EAST
837,104.0,2026-03-09 20:16:48,RETURNED,SOUTH
838,417.0,2026-01-24 11:41:08,RETURNED,SOUTH
839,146.0,2024-08-29 06:39:18,SHIPPED,SOUTH
840,434.0,2025-06-11 07:43:40,RETURNED,WEST
841,UNKNOWN,2025-03-16 16:51:14,RETURNED,EAST
842,172.0,2025-03-17 19:59:51,CANCELLED,EAST
843,390.0,2026-02-07 13:21:35,SHIPPED,EAST
844,UNKNOWN,2026-03-09 10:28:04,RETURNED,NORTH
845,405.0,2025-07-02 01:00:53,SHIPPED,EAST
846,216.0,2025-03-01 17:25:03,DELIVERED,EAST
847,464.0,2025-11-19 00:05:09,DELIVERED,EAST
848,337.0,2024-12-07 18:34:35,SHIPPED,NORTH
849,5.0,2024-10-19 17:31:23,SHIPPED,WEST
850,501.0,2026-06-18 08:11:37,RETURNED,NORTH
851,80.0,2024-10-30 14:49:12,CANCELLED,NORTH
852,386.0,2024-12-24 23:35:17,DELIVERED,WEST
853,9.0,2024-07-23 04:00:58,DELIVERED,SOUTH
854,227.0,2025-11-15 23:31:26,DELIVERED,EAST
855,311.0,2026-03-06 22:10:13,SHIPPED,SOUTH
856,372.0,2025-02-02 00:29:20,CANCELLED,SOUTH
857,UNKNOWN,2024-07-29 21:43:39,CANCELLED,NORTH
858,583.0,2025-07-11 15:52:37,SHIPPED,SOUTH
859,580.0,2025-08-10 22:36:33,RETURNED,SOUTH
860,132.0,2026-05-15 20:10:34,SHIPPED,EAST
861,234.0,2025-08-11 17:31:24,DELIVERED,SOUTH
862,24.0,2025-09-15 13:45:15,RETURNED,EAST
863,465.0,2026-04-08 14:12:08,CANCELLED,NORTH
864,331.0,2024-07-24 21:21:22,CANCELLED,EAST
865,531.0,2025-11-04 15:48:00,DELIVERED,NORTH
866,230.0,2026-06-06 00:56:00,CANCELLED,WEST
867,402.0,2025-08-07 17:02:46,PLACED,NORTH
868,232.0,2025-01-21 04:31:56,CANCELLED,NORTH
869,202.0,2025-01-04 20:58:47,DELIVERED,NORTH
870,100.0,2025-10-20 19:20:51,CANCELLED,NORTH
871,343.0,2025-12-14 15:34:54,SHIPPED,NORTH
872,349.0,2025-07-24 22:04:21,DELIVERED,SOUTH
873,450.0,2025-07-07 20:27:24,CANCELLED,NORTH
874,63.0,2025-06-03 23:56:02,CANCELLED,EAST
875,67.0,2025-06-28 15:18:43,PLACED,WEST
876,443.0,2024-09-20 02:22:23,PLACED,NORTH
877,391.0,2025-10-30 09:38:50,RETURNED,WEST
878,11.0,2025-10-29 12:52:20,CANCELLED,WEST
879,104.0,2024-07-25 12:41:18,PLACED,WEST
880,198.0,2025-01-26 11:56:32,PLACED,NORTH
881,199.0,2026-06-05 14:57:33,SHIPPED,EAST
882,493.0,2025-09-18 13:20:43,CANCELLED,SOUTH
883,46.0,2025-02-21 10:33:33,DELIVERED,WEST
884,367.0,2025-11-13 19:26:04,RETURNED,SOUTH
885,317.0,2025-11-20 16:46:19,DELIVERED,EAST
886,531.0,2025-09-26 11:37:06,SHIPPED,NORTH
887,573.0,2026-04-18 10:19:44,CANCELLED,EAST
888,206.0,2026-04-22 09:58:48,SHIPPED,NORTH
889,488.0,2024-12-28 16:48:13,CANCELLED,EAST
890,580.0,2024-08-27 10:04:15,RETURNED,EAST
891,167.0,2024-12-10 23:49:31,PLACED,WEST
892,4.0,2024-11-12 13:51:13,SHIPPED,WEST
893,245.0,2024-09-01 04:37:28,DELIVERED,WEST
894,189.0,2025-12-09 20:07:19,PLACED,EAST
895,UNKNOWN,2025-04-17 12:21:34,RETURNED,NORTH
896,451.0,2024-08-17 22:41:18,RETURNED,EAST
897,UNKNOWN,2024-11-10 08:08:01,SHIPPED,EAST
898,269.0,2026-05-14 14:41:23,DELIVERED,SOUTH
899,23.0,2024-08-14 14:44:10,DELIVERED,NORTH
900,UNKNOWN,2025-12-20 11:52:30,CANCELLED,NORTH
901,216.0,2025-10-12 10:35:15,SHIPPED,EAST
902,176.0,2026-05-02 07:52:46,RETURNED,WEST
903,67.0,2025-11-01 00:12:52,SHIPPED,SOUTH
904,388.0,2025-03-09 05:30:43,DELIVERED,WEST
905,251.0,2025-04-03 14:30:58,RETURNED,SOUTH
906,302.0,2026-07-05 07:22:21,DELIVERED,SOUTH
907,287.0,2024-09-26 13:03:17,RETURNED,WEST
908,84.0,2024-08-27 12:10:09,RETURNED,NORTH
909,398.0,2024-10-12 23:58:16,RETURNED,EAST
910,476.0,2025-06-09 06:47:55,DELIVERED,WEST
911,507.0,2024-12-05 20:56:57,RETURNED,WEST
912,598.0,2024-11-22 17:39:53,SHIPPED,SOUTH
913,463.0,2025-12-24 10:49:59,CANCELLED,SOUTH
914,387.0,2025-02-26 07:23:45,DELIVERED,EAST
915,138.0,2025-11-07 01:41:49,DELIVERED,WEST
916,236.0,2025-12-15 18:41:09,CANCELLED,EAST
917,479.0,2026-01-08 12:54:23,DELIVERED,WEST
918,392.0,2026-01-15 00:14:54,CANCELLED,SOUTH
919,78.0,2025-10-25 13:11:02,PLACED,EAST
920,526.0,2025-10-07 22:16:44,PLACED,EAST
921,101.0,2026-03-23 22:38:07,DELIVERED,NORTH
922,342.0,2025-09-30 01:54:03,DELIVERED,EAST
923,282.0,2024-12-05 05:29:35,RETURNED,SOUTH
924,557.0,2025-07-09 02:16:14,PLACED,EAST
925,355.0,2026-02-22 10:46:17,CANCELLED,WEST
926,13.0,2025-10-13 02:52:20,RETURNED,SOUTH
927,234.0,2025-04-26 04:33:40,SHIPPED,WEST
928,566.0,2026-07-13 22:12:02,CANCELLED,EAST
929,321.0,2024-08-17 06:15:54,CANCELLED,WEST
930,461.0,2024-09-30 18:09:29,PLACED,EAST
931,132.0,2026-03-09 08:15:36,PLACED,WEST
932,364.0,2025-03-09 21:24:42,CANCELLED,WEST
933,414.0,2025-03-28 03:59:37,RETURNED,EAST
934,24.0,2025-05-02 16:47:25,PLACED,SOUTH
935,339.0,2026-06-17 13:19:33,RETURNED,WEST
936,210.0,2025-05-10 18:05:59,PLACED,WEST
937,112.0,2026-04-18 13:00:05,CANCELLED,EAST
938,107.0,2024-09-10 23:33:23,SHIPPED,NORTH
939,501.0,2026-03-01 12:32:30,SHIPPED,NORTH
940,396.0,2025-06-17 08:03:07,SHIPPED,EAST
941,72.0,2026-05-06 10:35:21,DELIVERED,NORTH
942,421.0,2025-09-20 23:40:59,PLACED,SOUTH
943,490.0,2024-09-08 20:27:51,CANCELLED,SOUTH
944,211.0,2025-03-04 20:57:20,CANCELLED,SOUTH
945,318.0,2025-07-21 02:49:13,RETURNED,WEST
946,8.0,2024-11-01 22:16:25,CANCELLED,NORTH
947,253.0,2024-10-23 04:50:10,RETURNED,WEST
948,590.0,2026-01-10 22:48:11,PLACED,EAST
949,468.0,2026-05-18 22:41:00,DELIVERED,WEST
950,180.0,2025-02-18 13:41:26,SHIPPED,WEST
951,188.0,2025-04-02 03:03:00,PLACED,WEST
952,45.0,2025-09-02 19:08:00,SHIPPED,EAST
953,551.0,2025-06-06 19:09:53,PLACED,SOUTH
954,422.0,2025-08-31 22:16:21,RETURNED,NORTH
955,79.0,2024-12-30 09:57:34,RETURNED,EAST
956,169.0,2026-01-11 21:21:37,RETURNED,NORTH
957,75.0,2024-12-29 19:09:03,CANCELLED,WEST
958,409.0,2025-11-07 19:40:01,CANCELLED,NORTH
959,UNKNOWN,2024-09-03 14:47:51,SHIPPED,EAST
960,476.0,2024-10-13 07:41:58,PLACED,NORTH
961,249.0,2025-10-07 05:12:45,CANCELLED,SOUTH
962,286.0,2026-02-07 05:17:01,SHIPPED,NORTH
963,182.0,2025-11-20 23:10:09,RETURNED,WEST
964,12.0,2025-09-04 06:26:16,SHIPPED,WEST
965,222.0,2024-09-26 12:26:26,RETURNED,SOUTH
966,49.0,2025-07-31 02:17:23,RETURNED,NORTH
967,316.0,2026-02-02 19:52:42,RETURNED,NORTH
968,UNKNOWN,2026-01-06 07:36:16,SHIPPED,SOUTH
969,245.0,2025-11-02 04:02:15,PLACED,WEST
970,UNKNOWN,2026-07-15 19:09:39,SHIPPED,NORTH
971,99.0,2026-03-24 14:59:19,SHIPPED,SOUTH
972,UNKNOWN,2026-01-20 09:58:13,DELIVERED,EAST
973,195.0,2025-02-28 11:43:03,RETURNED,WEST
974,124.0,2025-06-17 03:00:52,PLACED,EAST
975,16.0,2025-11-05 07:50:39,DELIVERED,NORTH
976,470.0,2026-05-09 22:15:28,DELIVERED,EAST
977,UNKNOWN,2025-03-23 05:55:57,CANCELLED,EAST
978,512.0,2025-02-07 02:34:20,PLACED,SOUTH
979,98.0,2025-09-01 12:09:38,CANCELLED,SOUTH
980,326.0,2025-10-10 03:35:42,CANCELLED,NORTH
981,600.0,2025-11-16 12:16:16,RETURNED,SOUTH
982,14.0,2025-04-21 06:27:45,RETURNED,NORTH
983,439.0,2026-07-10 12:39:18,RETURNED,NORTH
984,384.0,2024-10-29 04:11:11,SHIPPED,SOUTH
985,39.0,2025-11-09 13:21:12,RETURNED,WEST
986,337.0,2025-09-30 10:25:21,DELIVERED,NORTH
987,425.0,2025-08-09 23:40:03,DELIVERED,NORTH
988,340.0,2025-08-28 02:10:35,SHIPPED,NORTH
989,255.0,2026-02-06 19:08:49,SHIPPED,WEST
990,188.0,2025-11-23 04:50:16,PLACED,NORTH
991,72.0,2025-08-11 00:43:30,PLACED,SOUTH
992,129.0,2025-08-06 23:06:24,RETURNED,SOUTH
993,81.0,2026-04-09 00:00:14,CANCELLED,EAST
994,203.0,2024-12-07 03:52:19,SHIPPED,SOUTH
995,591.0,2026-06-06 18:50:35,SHIPPED,EAST
996,493.0,2025-11-05 18:18:18,DELIVERED,WEST
997,483.0,2025-01-17 04:24:14,RETURNED,WEST
998,494.0,2026-01-21 19:10:43,CANCELLED,WEST
999,308.0,2025-03-03 01:14:53,SHIPPED,SOUTH
1000,475.0,2024-12-17 18:17:35,DELIVERED,WEST
