customer_id,customer_name,email,registration_date,customer_type
1,Brian Yang,johnsonjoshua@example.org,2025-11-13,REGULAR
2,Jonathan Johnson,garzaanthony@example.org,2024-05-23,REGULAR
3,Abigail Shaffer,lrobinson@example.com,2026-07-08,VIP
4,Gabrielle Davis,jpeterson@example.org,2023-12-17,VIP
5,Kimberly Dudley,melanie94@example.org,2025-02-27,REGULAR
6,Heidi Lee,arnoldmaria@example.net,2023-11-05,REGULAR
7,Sharon James,stanleykendra@example.org,2025-06-23,REGULAR
8,Timothy Wong,francisco53@example.net,2026-02-20,VIP
9,William Bowman,amandasanchez@example.com,2025-12-01,REGULAR
10,Andrew Stewart,gabriellecameron@example.org,2024-09-07,VIP
11,Matthew Foster,clarksherri@example.net,2026-04-13,REGULAR
12,Kimberly Burgess,ithomas@example.org,2025-05-15,PREMIUM
13,Peter Callahan Jr.,icox@example.net,2024-03-24,REGULAR
14,Julie King,ycarlson@example.com,2025-11-25,REGULAR
15,Patricia Peterson,frazierdanny@example.net,2024-10-17,PREMIUM
16,Deborah Mason,amoore@example.net,2024-04-22,REGULAR
17,Christina Brooks,harrellkenneth@example.net,2024-03-26,PREMIUM
18,Sherry Decker,georgetracy@example.org,2024-11-08,PREMIUM
19,John Jones,brianhumphrey@example.org,2025-10-24,PREMIUM
20,Joseph Obrien,davidalvarez@example.net,2024-06-13,REGULAR
21,Jessica Holmes,jenniferross@example.net,2024-01-23,VIP
22,Leah Smith,jeffreymorgan@example.net,2026-03-26,PREMIUM
23,David Caldwell,perezrebecca@example.com,2024-06-16,PREMIUM
24,Richard Aguirre,jenniferkhan@example.net,2024-05-10,VIP
25,Scott Brown,davisryan@example.com,2026-04-30,PREMIUM
26,Connor West,brownjessica@example.org,2025-05-05,VIP
27,Scott Pierce,joshuawright@example.org,2023-10-06,VIP
28,John Lewis,novaksara@example.org,2025-04-02,PREMIUM
29,Richard Gibson,martinaaron@example.com,2025-05-07,REGULAR
30,Lauren Daniels,smoore@example.org,2024-11-18,PREMIUM
31,Tyler Miller,williamsthomas@example.net,2024-05-03,VIP
32,Todd Hudson,larsonemma@example.org,2026-01-04,REGULAR
33,Emily Green,harveyrobert@example.net,2026-05-25,REGULAR
34,Joyce Hickman,john62@example.net,2023-11-09,VIP
35,Daniel Baker,ellisyolanda@example.org,2025-01-12,VIP
36,Joshua Turner,suarezmike@example.org,2026-04-30,VIP
37,Shawn Baker,contrerasangela@example.net,2024-01-02,VIP
38,Michael Farrell,josephjacobs@example.net,2025-09-12,PREMIUM
39,Sandra Williams,dking@example.org,2024-12-19,VIP
40,Michael Hoffman,danagreen@example.net,2024-01-09,REGULAR
41,Sandra Aguilar,landryhannah@example.org,2024-03-06,REGULAR
42,Rebecca Valencia,tanderson@example.com,2025-01-25,REGULAR
43,Stacey Russell,evelynestrada@example.com,2026-03-10,PREMIUM
44,Rita Keith,sarayoung@example.org,2023-08-27,REGULAR
45,Sharon Cochran,jillcook@example.com,2024-09-06,VIP
46,Courtney Velasquez,kristinrodriguez@example.org,2025-07-04,PREMIUM
47,Jennifer Ramirez,kevin33@example.org,2023-11-04,PREMIUM
48,Ms. Teresa Wilson,michael86@example.net,2024-08-28,VIP
49,Jeffrey Chandler,beverlyterrell@example.org,2024-11-18,PREMIUM
50,Kenneth Scott,gobrien@example.org,2025-05-27,VIP
51,Natalie Lambert,meyerlindsay@example.net,2025-02-04,PREMIUM
52,Mary Martinez,qjones@example.com,2024-10-28,PREMIUM
53,Cameron Fisher,elizabeth56@example.net,2025-02-27,PREMIUM
54,Elizabeth Clark,christinaturner@example.net,2026-01-05,REGULAR
55,Steven Flynn,steven73@example.net,2024-04-08,REGULAR
56,Robert Potter,campbellelizabeth@example.net,2026-05-30,REGULAR
57,William Carr,jeffrey32@example.org,2023-11-10,REGULAR
58,Michael Snyder,operry@example.net,2024-08-02,PREMIUM
59,Colleen Brock,dianasmith@example.org,2026-07-05,PREMIUM
60,Robert Contreras,pwilliams@example.org,2025-12-04,PREMIUM
61,Jessica Meadows,stephanie79@example.net,2025-06-11,VIP
62,Sara Ramirez,juliawells@example.com,2025-10-06,REGULAR
63,Dustin Nelson,rsims@example.com,2024-11-27,REGULAR
64,Daniel Perry,taylorjesse@example.net,2024-12-15,VIP
65,Randy Shah,nperry@example.com,2023-08-19,VIP
66,Sarah Ashley,wwoods@example.com,2025-04-30,PREMIUM
67,George Shelton,tracynelson@example.com,2025-04-08,PREMIUM
68,Susan Vargas,marycalhoun,2026-05-14,VIP
69,David Murphy,millerroy@example.com,2025-06-25,VIP
70,Bradley Smith,matthew64@example.com,2025-11-03,VIP
71,Tyler Williams,cookemichael@example.net,2023-09-06,VIP
72,John Wilson,jamessmith@example.org,2024-06-22,REGULAR
73,Lawrence Adkins,xlyons@example.com,2024-01-13,REGULAR
74,Laura Odonnell,tamirodriguez@example.org,2025-02-22,VIP
75,Sandra Sanchez,mdavid@example.org,2026-07-07,VIP
76,Hannah Patterson,melissa91@example.net,2025-02-14,REGULAR
77,Ashley Yu,huntermatthew@example.com,2026-04-02,PREMIUM
78,Tracie Nelson,bzimmerman@example.org,2025-11-02,PREMIUM
79,Samuel Rivas,umarshall@example.net,2023-12-01,REGULAR
80,Jamie Johnson,nicole37@example.net,2024-12-05,REGULAR
81,Spencer Haynes,tonykelly@example.com,2024-09-21,PREMIUM
82,Katherine Chang,blackjames@example.org,2026-06-26,VIP
83,Anna Walker,fbrewer@example.com,2026-06-28,REGULAR
84,Hailey Barajas,kevinperkins@example.com,2025-11-20,VIP
85,Bryan Lee,michael74@example.com,2024-01-21,VIP
86,Vanessa Warren,jamesrodgers@example.com,2024-10-01,PREMIUM
87,Adrian Ferguson,wallkenneth@example.com,2024-09-18,VIP
88,Margaret Mullins,mccannangela@example.net,2023-12-26,VIP
89,Vincent King,andrewstaylor@example.com,2025-07-31,PREMIUM
90,Melissa Hernandez,shortrichard@example.org,2025-12-10,VIP
91,Lisa Gibbs,christopher31@example.net,2024-07-04,PREMIUM
92,Wanda Torres,chayes@example.com,2026-03-10,PREMIUM
93,Deborah Miller,lynchjody@example.org,2024-07-26,REGULAR
94,Kirk Carter,andreamoore@example.com,2024-07-13,REGULAR
95,Dennis Moody,jasmine71@example.net,2026-01-21,REGULAR
96,Derek Thomas,ronaldstephens@example.net,2023-10-20,REGULAR
97,Jessica Harrison,lauralarson@example.net,2024-11-03,VIP
98,Bobby Williams MD,gbender@example.net,2024-12-01,REGULAR
99,Yvonne Chambers,anthony39@example.net,2024-09-10,PREMIUM
100,Sydney White,hinesgregory@example.net,2026-01-14,REGULAR
101,Jason Morris,fwalters@example.org,2023-12-29,PREMIUM
102,Jennifer Hodges,marksteele@example.com,2023-09-15,REGULAR
103,Raymond Hancock,qmiller@example.com,2023-07-21,VIP
104,Peter Garrett,mgutierrez@example.net,2023-10-08,REGULAR
105,Michael Martinez,josephanderson@example.com,2026-03-24,PREMIUM
106,Anna Gay,jennifercollins@example.org,2024-01-12,REGULAR
107,Dr. Jordan Hill PhD,pvalentine@example.org,2025-07-22,PREMIUM
108,Katie Suarez,stephenthomas@example.org,2023-11-05,PREMIUM
109,Aaron Barber,kendra65@example.net,2026-01-16,REGULAR
110,Mr. Phillip Bennett,cgrimes@example.net,2024-11-30,VIP
111,Reginald Williams,tinaallen@example.com,2025-07-23,PREMIUM
112,Mrs. Amanda Shaw,qhughes@example.net,2026-01-21,REGULAR
113,Alexis Thomas,molly71@example.net,2026-05-02,REGULAR
114,Michael Santos,charlesharrington@example.com,2024-12-11,REGULAR
115,Katherine Weaver,ofinley@example.net,2026-03-05,PREMIUM
116,Nicole Hamilton MD,younggabrielle@example.com,2026-03-30,REGULAR
117,Robert Carter,wallaceheather@example.org,2025-02-21,VIP
118,Rebecca Jackson,hthomas@example.com,2023-11-19,VIP
119,Briana Murray,pharvey@example.com,2024-08-17,REGULAR
120,Megan Moore,ascott@example.com,2025-06-05,REGULAR
121,Ryan Gonzalez,vanessa46@example.net,2025-03-08,PREMIUM
122,Edward Lyons,yrodriguez@example.net,2023-08-23,PREMIUM
123,Valerie Lozano,khill@example.net,2025-08-29,REGULAR
124,Connor King,kimberly39@example.com,2026-05-09,PREMIUM
125,Richard Johnson,courtneyberger@example.net,2025-02-05,PREMIUM
126,Curtis Buchanan,christopherphillips@example.net,2025-02-07,VIP
127,Gina Wilson,maria47@example.com,2023-11-13,VIP
128,Veronica Coffey,karenperez@example.net,2025-12-01,PREMIUM
129,Jordan Chambers,christopher60@example.com,2026-05-29,PREMIUM
130,Alexander Henson,brenda51@example.net,2025-12-08,REGULAR
131,Susan Turner,rose31@example.net,2025-04-14,VIP
132,Audrey Young DDS,taylorsophia@example.com,2025-03-14,PREMIUM
133,Jennifer Newton,vwatson@example.net,2024-03-16,VIP
134,Trevor Johnson,fpena@example.net,2025-02-14,VIP
135,Michael Stephens,scottsampson@example.com,2026-04-16,VIP
136,Samantha Davis,bruce43@example.org,2024-06-13,REGULAR
137,Christine Gallegos,williamsmatthew@example.org,2025-11-26,REGULAR
138,Charles Lester,brendali@example.org,2023-07-24,REGULAR
139,Christopher Guerrero,michele22@example.net,2023-08-29,VIP
140,Alexis Baker,alexistyler@example.org,2024-02-01,VIP
141,Richard Palmer,vfox@example.org,2024-01-05,REGULAR
142,Susan Hopkins,ngordon@example.org,2024-10-30,VIP
143,Dr. Jessica Rodriguez DDS,bschneider@example.org,2025-06-08,PREMIUM
144,Donald Schultz,lammarc@example.org,2025-11-17,REGULAR
145,Larry Garcia,oscar98@example.com,2026-07-14,PREMIUM
146,Cindy Hayes,farrelldebra@example.net,2024-07-08,PREMIUM
147,Brandon Simmons,dmorgan@example.com,2026-05-18,VIP
148,Bradley Reynolds,nicholas27@example.org,2025-02-17,PREMIUM
149,Meagan Jenkins,angelawillis@example.net,2026-05-18,REGULAR
150,Lindsay Bell,uparrishexample.org,2026-01-02,REGULAR
151,Justin Wilson,ericolson@example.org,2024-09-24,VIP
152,Maria Johnson,lindsaybruce@example.net,2026-05-06,PREMIUM
153,Christopher Thomas,anthony44@example.com,2026-05-06,REGULAR
154,Anna Moreno,vjones@example.net,2025-02-23,REGULAR
155,Frederick Pugh,kchavez@example.com,2026-01-31,VIP
156,Brad Ramos,wareeric@example.net,2025-05-08,VIP
157,Jose Reed,alawson@example.com,2024-01-08,VIP
158,Amber Foster,erika97@example.net,2026-02-05,VIP
159,Pamela Roberts,smithkevin@example.org,2024-01-22,PREMIUM
160,Michael Mason,jimenezryan@example.org,2026-05-22,REGULAR
161,Blake Edwards,charles06@example.org,2025-05-16,REGULAR
162,Alex Nguyen,amckinney@example.com,2026-03-06,REGULAR
163,Brian Graham,xcollier@example.org,2025-04-02,REGULAR
164,Richard Jones,fosterkyle@example.com,2026-03-29,VIP
165,Tyler Brewer,schmidtjames@example.com,2024-03-05,PREMIUM
166,Paige Rios,curtisscott@example.org,2024-04-20,VIP
167,Thomas Cunningham,kmarshall@example.net,2026-04-01,VIP
168,Jeremy Turner,michelle52@example.com,2024-09-18,REGULAR
169,Anthony Decker,bellcharles@example.com,2023-11-16,PREMIUM
170,Tiffany Stevenson,gilbertwilliam@example.com,2023-09-21,REGULAR
171,Larry Mason,kstoutexample.net,2023-10-24,VIP
172,Matthew Williams,vgarcia@example.net,2025-05-30,REGULAR
173,Thomas Hughes,nwarren@example.org,2024-12-26,VIP
174,Justin Hughes,mccormickdeborah@example.org,2024-08-14,VIP
175,Emily Douglas,mathewaguilarexample.org,2026-05-13,VIP
176,James Conner,tanderson@example.org,2024-02-03,VIP
177,Eric Bean,lucasrodney@example.com,2024-12-31,PREMIUM
178,Ryan Garcia,ilee@example.org,2025-11-04,REGULAR
179,James Martin,stanleynancy@example.net,2026-06-30,REGULAR
180,Cynthia Wallace,jenniferwilliams@example.com,2024-10-04,REGULAR
181,Rachel Mckee,pyoung@example.com,2024-05-16,REGULAR
182,Paula Shaw,erika97@example.com,2025-04-30,VIP
183,Amy Castillo,lisasolis@example.org,2025-02-15,VIP
184,Phillip Nelson,dawsonzachary@example.org,2025-09-24,PREMIUM
185,Stacey Arias,mariahdavis@example.org,2025-04-24,VIP
186,Jade Johnson DVM,sandersnathaniel@example.com,2026-04-24,REGULAR
187,Kaitlyn Guerra,lacey20@example.com,2025-07-17,REGULAR
188,Ruben Dunn,fgilbert@example.org,2026-02-19,REGULAR
189,Anthony Barnes,srodriguez@example.org,2026-03-13,PREMIUM
190,Lynn Andrews,fbrown@example.net,2024-02-28,PREMIUM
191,Chelsea Barnett,ruben95@example.org,2025-10-10,VIP
192,Katie Smith,carlos88@example.net,2025-07-19,PREMIUM
193,Heather Jones,reidtina@example.com,2024-07-28,VIP
194,Harold Morgan,ingramjill@example.com,2026-04-13,REGULAR
195,Clarence Taylor,mariacohen@example.net,2025-06-29,REGULAR
196,Emily Collins,carterbradley@example.org,2025-03-29,PREMIUM
197,Howard Norman,wking@example.net,2026-05-03,REGULAR
198,Stephanie Hughes,joshua56@example.com,2024-05-05,VIP
199,Bradley Coleman,xholt@example.net,2025-05-18,PREMIUM
200,Edward Griffin,amymorris@example.org,2025-05-11,REGULAR
201,Susan Mendez,hannahbell@example.org,2025-05-25,PREMIUM
202,Heidi Owen,danielle01@example.net,2026-06-09,VIP
203,Jessica Martinez,stephaniethomas@example.net,2024-07-20,VIP
204,Jerry Watson,michael90@example.net,2025-06-08,REGULAR
205,Donald Horne,berryalyssa@example.com,2023-08-29,PREMIUM
206,Reginald Padilla,victorhughes@example.net,2024-06-17,PREMIUM
207,Benjamin Thompson,heather73@example.org,2025-06-10,VIP
208,Michelle Pierce,cochrantammy@example.com,2024-10-13,VIP
209,William Conner,melissa25@example.net,2024-07-21,PREMIUM
210,Robert Arnold,jjohnson@example.net,2026-02-24,VIP
211,Kelly Hammond,jonesraymond@example.net,2025-12-29,VIP
212,Michael Cooper,martinezlogan@example.org,2025-11-22,REGULAR
213,Amy Martinez,katrinaanderson@example.net,2024-03-13,REGULAR
214,Kelly Campbell,fred53@example.com,2023-11-19,VIP
215,Lisa Davis,james84@example.org,2026-04-10,VIP
216,Michelle Jacobs,brittanycarpenter@example.org,2025-12-11,REGULAR
217,Patricia Baker,bryananthony@example.org,2024-06-11,REGULAR
218,Kimberly May,bmontgomery@example.com,2024-10-31,PREMIUM
219,Jesse Barker,zsanchez@example.net,2024-03-21,VIP
220,Charles Hensley,dperry@example.org,2024-11-27,VIP
221,Emma Owens,theresa25@example.net,2024-09-07,VIP
222,James Gilbert,gwright@example.org,2024-08-08,PREMIUM
223,Phillip Jimenez,lisapeck@example.net,2025-09-26,VIP
224,Tony Wagner,tjimenez@example.com,2024-07-27,REGULAR
225,Stephen Pena MD,brandywilliams@example.com,2025-10-30,VIP
226,Pamela Diaz,booneryan@example.com,2025-04-02,VIP
227,James Cole,hudsonjames@example.net,2025-11-20,REGULAR
228,Brent Brooks,marcia99@example.org,2024-12-27,PREMIUM
229,Andrew Williams,kari39@example.net,2024-12-18,REGULAR
230,Brenda Velazquez,jstone@example.net,2024-11-25,REGULAR
231,Katie Hicks,phillipjensen@example.com,2025-08-18,VIP
232,Veronica Silva,thomas05@example.com,2026-06-22,PREMIUM
233,Paula Lane,carlsonjoseph@example.net,2023-10-07,PREMIUM
234,Sarah Hernandez,ojackson@example.net,2026-06-11,VIP
235,Jeremy Barnes,anthonyvaughan@example.org,2025-04-21,VIP
236,Nancy Brown,roberthampton@example.com,2024-02-19,REGULAR
237,Emily Thompson,annbolton@example.com,2025-10-25,VIP
238,David Grant,amy49@example.com,2024-07-03,PREMIUM
239,Justin Michael,kellie37@example.com,2024-09-16,REGULAR
240,Tina Ballard,david86@example.com,2024-10-13,REGULAR
241,Mary Burgess,robertsjennifer@example.com,2024-06-16,REGULAR
242,Breanna Gilbert,marianelson@example.net,2026-01-16,REGULAR
243,David Garcia,johnsantiago@example.net,2024-12-14,VIP
244,Joshua Hickman,xgarcia@example.org,2025-04-12,REGULAR
245,Matthew Velez,mwoods@example.com,2023-12-05,VIP
246,Carrie Khan,amandasharp@example.org,2024-04-18,VIP
247,Paul Brennan,osbornrandy@example.com,2024-10-11,PREMIUM
248,Frances Gibson,smithashley@example.org,2026-04-11,REGULAR
249,Corey Rodriguez,ismall@example.net,2024-03-28,REGULAR
250,George Phillips,twong@example.org,2026-06-01,REGULAR
251,Kaylee Miller,gregorychase@example.com,2026-05-24,REGULAR
252,Adriana Reyes,lopezdonald@example.com,2025-06-12,VIP
253,Deborah Ward,stephanie49@example.net,2024-07-21,REGULAR
254,Jonathan Jacobson,contrerassteven@example.org,2026-07-16,REGULAR
255,Tyler Mendoza,hannah45@example.net,2025-06-25,PREMIUM
256,Samantha Gill,robert87@example.net,2026-06-10,VIP
257,Justin Brown,foxallison@example.com,2025-11-16,PREMIUM
258,Jessica Frazier,ashleyhernandez@example.com,2026-01-10,VIP
259,Jody Palmer,gdavis@example.com,2025-06-28,PREMIUM
260,Jennifer Velasquez,hansenemily@example.com,2024-06-22,VIP
261,Amy Shannon,williamsmelvin@example.org,2025-07-22,REGULAR
262,Veronica Brewer,mitchellhector@example.org,2025-05-03,PREMIUM
263,Michael Stanley,victoria67@example.com,2025-11-03,REGULAR
264,Jenna Anderson DVM,desireebailey@example.org,2023-07-25,PREMIUM
265,Kim Morrow,goodsteven@example.net,2024-08-07,VIP
266,Molly Rodriguez,rreed@example.org,2026-05-10,REGULAR
267,Brian Johnson,bmendez@example.org,2026-02-02,REGULAR
268,Daniel Shields,sanchezbradley@example.com,2023-10-15,REGULAR
269,Laura Barton,williamroberts@example.net,2024-11-29,PREMIUM
270,Jennifer Hill,kevinthomas@example.net,2025-11-30,REGULAR
271,Gregory Schneider,conniesimmons@example.com,2025-03-03,REGULAR
272,Paul Wells,heather62@example.com,2024-07-04,REGULAR
273,Tracy Grant,meredith27@example.org,2024-02-13,REGULAR
274,Tammy Boone,nsanchez@example.com,2023-12-10,PREMIUM
275,Shelly Lopez,brettbennett@example.net,2026-01-17,PREMIUM
276,Terry Lewis,timothybooth@example.com,2024-05-10,PREMIUM
277,Michele Sanders,burgesskaren@example.org,2024-07-25,VIP
278,Elizabeth Ward,kimberly67@example.net,2025-08-30,REGULAR
279,Erica Harris,ugarcia@example.com,2024-11-17,VIP
280,Dean Donovan,owilliams@example.net,2026-01-04,REGULAR
281,Kelly Sanchez,mphillips@example.com,2025-11-21,PREMIUM
282,Robert Jackson,jonathan77@example.com,2025-11-15,PREMIUM
283,Kelly Combs,iwhite@example.net,2023-11-12,VIP
284,Michael Smith,duranrobert@example.net,2025-09-12,VIP
285,Lisa Webb,nbrooks@example.net,2025-08-15,PREMIUM
286,Nathan Nichols,smithandrea@example.org,2024-10-07,PREMIUM
287,Susan Rodriguez,shawheidi@example.com,2023-12-16,PREMIUM
288,Debra Sanders,johnharvey@example.com,2025-02-18,VIP
289,Michael Abbott,pstevens@example.net,2026-04-30,VIP
290,Mark Warner,davisnicholas@example.net,2023-11-25,PREMIUM
291,Shannon Davis,pbruce@example.com,2025-10-17,VIP
292,Karen Williams,hallrachel@example.net,2023-11-12,PREMIUM
293,Emily Ali,rachel90@example.org,2026-01-16,VIP
294,Elizabeth Elliott,karenmarquez@example.com,2025-12-16,VIP
295,Patrick Gibbs,irhodes@example.com,2026-06-24,PREMIUM
296,David Jones,masonterri@example.org,2026-02-14,PREMIUM
297,Rachel Hayes,unovak@example.org,2024-07-08,REGULAR
298,Mary Miller,angela66@example.org,2026-03-06,PREMIUM
299,Michael Walters,lauren11@example.com,2025-03-16,PREMIUM
300,Philip Garcia,michael10@example.com,2023-12-02,PREMIUM
301,Alexander Gomez,ryanhawkins@example.net,2023-12-11,REGULAR
302,Bradley Santana,michelle04@example.com,2024-07-31,VIP
303,Johnny Brown,ginajackson@example.com,2025-05-25,PREMIUM
304,David Weber,robert71@example.com,2026-01-27,REGULAR
305,Evelyn Oliver,stephentaylor@example.org,2024-12-12,VIP
306,Frank Valentine,pcook@example.net,2024-05-27,REGULAR
307,Michael Henry,zedwards@example.com,2025-12-30,REGULAR
308,Timothy Gonzalez,markramirez@example.com,2025-11-13,VIP
309,Michael Gonzales,erinpierce@example.net,2024-10-14,REGULAR
310,Brenda Turner,fuenteslaura@example.com,2024-08-15,REGULAR
311,Kyle Aguilar,jennifermccormick@example.org,2025-10-27,REGULAR
312,Robin Wheeler,ystephens@example.com,2023-11-29,PREMIUM
313,Lonnie Hart,mackdiane@example.com,2026-04-17,REGULAR
314,Brett Walker,vrasmussen@example.com,2025-10-02,VIP
315,Kathryn Cooper,seanmyers@example.net,2023-08-27,REGULAR
316,Todd Thomas,agarcia@example.org,2024-11-15,REGULAR
317,Brent Bowen,stanley38@example.com,2025-06-21,PREMIUM
318,Maria Byrd,carlos01@example.org,2024-03-31,PREMIUM
319,Tina Hall,zacharyarnold@example.com,2025-04-09,VIP
320,Lucas Gonzalez,jacobsandoval@example.com,2026-01-24,VIP
321,Paul Stokes,tprice@example.org,2023-10-25,VIP
322,Jim Baker,lloydamanda@example.com,2025-08-18,VIP
323,Harold Ellis,candice96@example.net,2024-04-13,VIP
324,Bruce Torres,samantha91@example.net,2024-04-29,REGULAR
325,Laura Henderson,heather86@example.com,2025-08-14,VIP
326,Ryan Harvey,angelaburns@example.org,2025-01-27,PREMIUM
327,Kathy Simpson,washingtonjames@example.com,2026-06-17,VIP
328,Keith Flynn,cperry@example.com,2024-06-26,VIP
329,Jim Newton,antonio38@example.com,2025-08-27,REGULAR
330,Holly Carson,armstrongjoseph@example.net,2023-09-22,PREMIUM
331,Martha Wright,bpayne@example.org,2023-09-08,PREMIUM
332,Autumn Cain,fbaker@example.com,2024-06-10,PREMIUM
333,Rachel Li,michelle96@example.org,2023-10-20,PREMIUM
334,Michael Roberts,amanda98@example.org,2024-09-07,VIP
335,Wendy Camacho,taylorkaren@example.com,2024-02-02,PREMIUM
336,Megan Burns,johndawson@example.org,2026-01-01,VIP
337,Sheryl Davis,courtney67@example.org,2025-09-27,PREMIUM
338,Aaron Schroeder,heather57@example.com,2023-12-11,VIP
339,Rebecca Sanders,sreid@example.com,2025-05-17,PREMIUM
340,Kenneth Knight,troymorris@example.com,2025-08-11,REGULAR
341,Sara Smith,patricia00@example.org,2024-03-21,PREMIUM
342,Susan Khan MD,bbryant@example.org,2024-09-17,PREMIUM
343,Mariah Williams,penajohn@example.com,2026-03-17,VIP
344,Brandon Lewis,jessica36@example.net,2023-11-18,REGULAR
345,Michael Montoya,brittneystone@example.com,2025-05-06,PREMIUM
346,Ashley Edwards,timperez@example.org,2024-10-26,REGULAR
347,Megan Jones,patrickli@example.org,2025-12-11,PREMIUM
348,Lori Hernandez,bishopfrank@example.com,2025-04-19,VIP
349,Bryce Blair,fheath@example.org,2025-01-16,PREMIUM
350,Bradley Tran,iedwards@example.org,2026-02-06,VIP
351,Katrina Adkins,kimberly04@example.org,2024-10-21,REGULAR
352,Brian Porter MD,bowerslaura@example.org,2025-10-17,PREMIUM
353,Ryan Fisher,hatfieldsarah@example.org,2025-11-14,REGULAR
354,Austin Baker,kathrynbest@example.org,2023-09-19,VIP
355,Kathryn Perry,fryraymond@example.com,2026-07-14,PREMIUM
356,Diamond Collins,imiller@example.net,2025-09-21,REGULAR
357,Mark Davenport,terrimoore@example.com,2026-06-11,PREMIUM
358,Brandon Hamilton,collinssamuel@example.org,2025-06-23,PREMIUM
359,Adam Taylor,parkerjudith@example.net,2023-08-06,PREMIUM
360,Michelle Jackson,tylerreed@example.net,2024-02-02,VIP
361,Denise Brown,jessica10@example.com,2025-12-31,VIP
362,Mr. Jacob Scott Jr.,crawfordwilliam@example.org,2025-12-27,PREMIUM
363,Alexandria Williams,perezwilliam@example.org,2025-02-04,PREMIUM
364,Suzanne Yang,lmora@example.org,2025-05-01,REGULAR
365,Roger Duncan,marcbutler@example.net,2024-01-21,REGULAR
366,Andrea Marshall,whitelinda@example.org,2024-09-30,VIP
367,Eddie Mueller,mark87@example.org,2026-03-13,VIP
368,Dr. Morgan Payne PhD,stevenvargas@example.com,2024-03-09,REGULAR
369,Ryan Wiley,randolphandrew@example.net,2024-12-21,PREMIUM
370,Ashley Moreno,blakenicholas@example.net,2024-07-23,VIP
371,Anna Morse,dvasquez@example.org,2025-10-04,REGULAR
372,Angela Davis,xhaynes@example.com,2024-02-12,PREMIUM
373,Victor Young,kjones@example.org,2024-08-28,REGULAR
374,David Harding,sara65@example.com,2024-02-16,VIP
375,Bryan Howard,moorefrank@example.com,2024-06-06,PREMIUM
376,Robert Torres,qparker@example.org,2026-07-18,REGULAR
377,David Kelly,lewismelissa@example.org,2025-09-24,VIP
378,Jared Chavez,byrdjorge@example.org,2025-11-20,VIP
379,Antonio Norman,codygarcia@example.org,2024-06-29,PREMIUM
380,Maria Aguilar,jamesmorales@example.net,2024-08-25,REGULAR
381,Carl Stein,johnsoncaleb@example.net,2024-12-16,PREMIUM
382,Jessica Ramsey,williamssteven@example.org,2025-08-28,PREMIUM
383,Cody Ramirez,reyesronald@example.com,2024-03-06,REGULAR
384,Jason Pierce,mendezchristina@example.net,2023-10-22,PREMIUM
385,Rebecca Wright,ramirezderrick@example.org,2025-11-10,REGULAR
386,Richard Cooper,mayokimberly@example.com,2025-12-14,REGULAR
387,Alyssa Cochran,paul20@example.com,2024-09-28,VIP
388,Yvonne Dickson,stokesthomas@example.com,2023-12-22,REGULAR
389,Zachary Robinson,dianeadams@example.net,2025-03-14,PREMIUM
390,Renee Wolfe,savannah22@example.org,2026-01-23,REGULAR
391,Kristine Lopez,warnermichael@example.net,2025-08-22,PREMIUM
392,Daniel Fox,gregory01@example.org,2023-07-21,VIP
393,Tamara Richard,samantha32@example.com,2024-12-03,VIP
394,Sarah Valencia,johnsonbrenda@example.org,2023-11-09,PREMIUM
395,Frank Daugherty,janet69@example.org,2025-05-28,VIP
396,Melissa Mcfarland,lbanks@example.net,2025-01-24,PREMIUM
397,Michael Anderson,elizabetholsen@example.com,2023-07-22,REGULAR
398,Lance Mccall,xrosales@example.net,2026-02-23,VIP
399,Patrick Young,daniellegarcia@example.com,2024-11-27,REGULAR
400,Monica Rogers,daisymccarty@example.net,2023-08-06,PREMIUM
401,Michelle Williams,jason15@example.com,2025-05-30,REGULAR
402,Heather Bennett,acosta@example.com,2025-08-02,VIP
403,Fernando Lynn,franciscojones@example.org,2023-11-12,REGULAR
404,Tom Spence,george62@example.net,2024-12-25,VIP
405,Steve Moore,bbush@example.net,2023-12-24,PREMIUM
406,Tammy Fernandez,jamie36@example.net,2026-05-11,PREMIUM
407,Sara Hernandez,kenneth10@example.com,2025-01-30,VIP
408,Karen Davis,pattersonkelly@example.net,2024-06-05,REGULAR
409,Elizabeth Sanders,daniellerowland@example.com,2025-08-17,PREMIUM
410,James Lopez,christopher86@example.org,2023-09-27,VIP
411,Brittany Horton,scott43@example.com,2023-12-17,REGULAR
412,Leah Spencer,barnettlindsey@example.com,2025-03-12,VIP
413,Cynthia Evans,rsheppard@example.com,2025-03-24,REGULAR
414,Lisa Martinez,shawrachel@example.net,2025-06-16,REGULAR
415,Beth Henderson,stacyjackson@example.org,2026-06-15,REGULAR
416,Deanna Bartlett,oharris@example.org,2023-11-01,VIP
417,Kelly Stark,hughesray@example.com,2023-08-08,VIP
418,Lauren Hanna,jrodriguez@example.org,2023-12-22,PREMIUM
419,Sheryl Humphrey,hartcraig@example.com,2024-09-02,VIP
420,Christopher Powell,kpena@example.net,2026-03-06,PREMIUM
421,Patrick Mccall,vwilliams@example.net,2025-02-17,VIP
422,John Horton,morganlaura@example.com,2023-12-19,PREMIUM
423,Erica Daniel,dennismccann@example.com,2026-02-13,REGULAR
424,Olivia Camacho,lopezjason@example.com,2023-10-15,VIP
425,Samuel Suarez,cameronmckinney@example.com,2023-09-02,PREMIUM
426,Jesus Hull,jameswhitaker@example.org,2026-07-18,REGULAR
427,Thomas Maldonado,joshuacolon@example.net,2024-07-29,VIP
428,Hannah Martin,tracy72@example.com,2024-08-24,REGULAR
429,Penny Lewis,mitchellpaul@example.org,2024-06-27,VIP
430,Sharon Coffey,ericaadams@example.com,2026-06-13,VIP
431,Alejandra King,wellsdavid@example.org,2024-11-05,REGULAR
432,John Byrd,rodney65@example.com,2026-03-14,VIP
433,Dr. Sara Hoffman DDS,asilva@example.net,2024-10-01,PREMIUM
434,Margaret Hensley MD,gabrielle71@example.com,2026-04-27,VIP
435,Rebekah Greene,jacob83@example.org,2026-05-11,PREMIUM
436,Jason Price,erin07@example.com,2023-09-12,PREMIUM
437,Rachel Knox,matthewreeves@example.net,2026-05-28,PREMIUM
438,John Figueroa,william28@example.org,2025-12-04,REGULAR
439,Henry Garner,staceylam@example.net,2024-11-08,PREMIUM
440,Edward York,vfrench@example.com,2025-07-19,PREMIUM
441,Steve Mason,delacruzbrandy@example.net,2026-06-11,PREMIUM
442,Brittany Gay,amoreno@example.org,2025-01-02,VIP
443,Mike Maxwell,dbenitez@example.org,2025-08-15,REGULAR
444,Jesse Clark,crystal25@example.net,2024-04-06,PREMIUM
445,Jeffrey Jordan,tracygallagher@example.org,2025-05-16,PREMIUM
446,Jake Smith,creyes@example.net,2024-12-01,REGULAR
447,Michael Cooper,andrewsmith@example.net,2024-02-05,VIP
448,Angel Fry,reyesbrianna@example.org,2025-06-27,REGULAR
449,Colin Vaughan,ryan25@example.com,2025-04-06,PREMIUM
450,Alex Wagner,perezjessica@example.org,2024-01-27,PREMIUM
451,Joseph Williams,jennifer06@example.net,2023-10-02,REGULAR
452,Jeremy Martinez,valdezandrew@example.net,2024-08-15,VIP
453,Alexandra Fisher,nmiles@example.net,2023-12-23,PREMIUM
454,Lisa Campbell,cindy26@example.org,2024-01-01,VIP
455,Valerie Howard,mgonzalez@example.com,2025-04-16,REGULAR
456,Karen Young,ethan87@example.org,2023-08-08,VIP
457,Travis Chan Jr.,meadowsmary@example.net,2023-12-24,VIP
458,Brett Thompson,dawn74@example.com,2023-09-19,VIP
459,Samuel Zamora,michael56,2023-08-04,REGULAR
460,Tina Adams,elizabethjackson@example.com,2023-12-11,REGULAR
461,Jesus Houston,lisa21@example.com,2026-06-25,REGULAR
462,Michael Brown,pmarsh@example.org,2024-03-23,REGULAR
463,Catherine James,perrybrittany@example.net,2025-01-27,VIP
464,Bianca Knapp,huffmannichole@example.net,2024-01-11,VIP
465,Alexandria Oneill,ealexander@example.com,2025-10-12,PREMIUM
466,Melissa Montgomery,tiffanysantiago@example.com,2025-05-22,REGULAR
467,Ryan Grant,timothyalvarado@example.net,2026-02-26,REGULAR
468,Sarah Booth,smithsarah@example.net,2023-11-13,VIP
469,Daniel Schneider,vflores@example.com,2025-04-06,REGULAR
470,Scott West,christianwallace@example.net,2024-01-20,PREMIUM
471,Andrew Dunn,bmcgee@example.org,2023-12-08,PREMIUM
472,Tiffany Cox,pamela83@example.net,2023-10-12,VIP
473,Michelle Cox,meganrivera@example.net,2025-06-21,REGULAR
474,Ronald Brandt,davisdonna@example.org,2024-10-15,PREMIUM
475,Mitchell Griffith,jacqueline02@example.com,2024-01-02,VIP
476,Roger Lee,cheryl31@example.com,2024-12-25,PREMIUM
477,Leah Barton,shermanbrandon@example.net,2025-06-18,PREMIUM
478,April Fitzgerald,gbarrett@example.org,2025-11-25,PREMIUM
479,Susan Holt,eroberson@example.net,2024-04-14,VIP
480,Kathy Cruz,dalesandoval@example.net,2026-02-20,PREMIUM
481,Casey Gutierrez,joshuastuart@example.com,2026-07-11,VIP
482,Kristen Robinson,megan85@example.net,2024-06-09,PREMIUM
483,Mallory Page,glenda22@example.net,2025-01-17,PREMIUM
484,Paul Skinner,qaguilar@example.net,2024-10-06,VIP
485,Charles Santiago,hstokes@example.org,2024-05-25,PREMIUM
486,Ryan Vaughn,karen24@example.net,2024-10-20,VIP
487,Sean Stevenson,karenjohnson@example.com,2024-07-02,VIP
488,Matthew House,yyoung@example.net,2025-03-13,PREMIUM
489,Amy Manning,rfrye@example.com,2024-05-30,REGULAR
490,Holly Chapman,ogreer@example.net,2026-02-11,VIP
491,William Jones,kimberlybrandt@example.com,2024-04-14,REGULAR
492,Christopher Singleton,bennettroy@example.net,2023-07-28,PREMIUM
493,Linda Ayala,steven20@example.org,2026-03-17,PREMIUM
494,Michael Fox,tracy98example.com,2024-04-30,PREMIUM
495,Anna Walker,hartmanerik@example.net,2024-06-15,REGULAR
496,Yesenia Colon,mark43@example.net,2026-04-23,PREMIUM
497,Lisa Oliver,wilsonmichael@example.org,2023-09-19,VIP
498,Diane Pruitt,patrick16@example.com,2025-02-21,REGULAR
499,Jose Vaughan,stucker@example.net,2024-04-05,VIP
500,Sharon Coleman,simsjason@example.net,2023-12-28,PREMIUM
501,Maria Case,amandapark@example.net,2026-06-19,VIP
502,Anthony Bauer,andrewlove@example.org,2025-12-02,PREMIUM
503,Jerry Sullivan,andrewsjeremy@example.com,2024-11-22,REGULAR
504,Lisa Avila,pricedavid@example.org,2026-01-14,REGULAR
505,Richard Turner,haynescharles@example.net,2023-12-01,PREMIUM
506,Amanda Moore,kathy76@example.com,2024-06-25,VIP
507,Mark Evans,julierobles@example.net,2026-04-21,REGULAR
508,Andrew Armstrong,susan08@example.net,2025-03-23,VIP
509,Jason Brewer,torreskaitlin@example.net,2025-09-23,PREMIUM
510,Christopher Marsh,eugenewalker@example.com,2023-10-12,PREMIUM
511,Danielle Gonzalez,enewman@example.com,2026-01-06,REGULAR
512,Cynthia Mitchell,wlynn@example.org,2023-11-05,REGULAR
513,Melissa Hernandez,louishayes@example.net,2025-12-16,PREMIUM
514,Richard Joseph,lindsey62@example.org,2026-04-10,REGULAR
515,Erin Castillo,xhill@example.org,2025-06-10,VIP
516,Lawrence Wilkinson,kim78@example.org,2024-02-22,REGULAR
517,Stephanie Atkinson,josemercado@example.org,2026-03-27,REGULAR
518,Andrew Green,hessbeth@example.net,2025-11-04,PREMIUM
519,Steven Lawrence,jvaldez@example.com,2024-10-14,REGULAR
520,Adam Allen,stevendixon@example.com,2026-02-27,VIP
521,Travis Hopkins,katherinetaylor@example.org,2024-03-03,PREMIUM
522,Crystal Baker,ccrosby@example.org,2024-07-17,PREMIUM
523,Thomas Keith,barnettapril@example.com,2023-09-19,REGULAR
524,Joshua Thompson,dakota84@example.net,2026-04-30,PREMIUM
525,Jamie Solomon,pdiaz@example.org,2025-09-29,VIP
526,Stacy Smith,wgomez@example.com,2024-02-20,REGULAR
527,Christine Lopez,emartin@example.net,2025-02-01,PREMIUM
528,Karen Mendoza,guerrerorobert@example.com,2024-06-11,PREMIUM
529,Kenneth Martin,deborahjenkins@example.org,2026-03-23,PREMIUM
530,Christopher Mullen,macdonalddylan@example.org,2026-02-05,PREMIUM
531,Claire Obrien,johnsjessica@example.com,2025-07-21,REGULAR
532,Kevin Saunders,ajackson@example.net,2026-03-14,PREMIUM
533,Crystal Cruz,gary57@example.net,2024-01-04,PREMIUM
534,Samantha Jacobs,harrismichele@example.net,2024-04-20,VIP
535,Kim Goodwin,mvalenzuela@example.org,2023-12-11,VIP
536,Stephanie Hampton,mhopkins@example.net,2026-04-23,VIP
537,Jessica Mays,xboyd@example.org,2025-08-06,REGULAR
538,Sara Johnston,zbell@example.net,2025-05-10,VIP
539,Shawn Ortiz,jonathancannon@example.org,2024-05-08,REGULAR
540,Kelly Brooks,fletcherkristine@example.net,2024-06-03,VIP
541,Dawn Wyatt,robert12@example.com,2025-05-07,PREMIUM
542,Kristin White,cheryl63@example.com,2025-12-04,REGULAR
543,Michael Fitzgerald,tking@example.net,2026-05-09,PREMIUM
544,Ariel Romero,adkinssean@example.net,2024-12-26,REGULAR
545,Samantha Ruiz,martintamara@example.org,2026-02-06,VIP
546,Lee Ramsey,qdavis@example.org,2025-04-02,VIP
547,Jessica Harris,jennifer90@example.org,2026-05-05,REGULAR
548,Lisa Craig,james98@example.net,2025-01-28,VIP
549,Penny Gomez MD,dianacantrell@example.org,2026-01-15,PREMIUM
550,Krista Barber,aprilmclaughlin@example.org,2025-12-04,REGULAR
551,Jordan Powell,michael43@example.net,2023-07-27,VIP
552,Edward Arroyo,gregory81@example.net,2025-09-24,PREMIUM
553,James Webb,nancy94@example.net,2024-07-31,PREMIUM
554,Karen Scott,susan77@example.net,2025-03-05,REGULAR
555,Harry Nichols,ericahall@example.com,2026-07-12,PREMIUM
556,Gloria Spencer,john16@example.net,2024-04-22,PREMIUM
557,Travis Vega,nedwards@example.net,2024-05-10,PREMIUM
558,Derek Perez,pmclaughlin@example.net,2024-08-10,PREMIUM
559,Mary Austin,eric11@example.org,2025-11-07,PREMIUM
560,William Prince PhD,charlesnathan@example.com,2025-08-20,PREMIUM
561,Paul Anderson,traceymoon@example.com,2025-10-13,PREMIUM
562,Jennifer Parks,imendoza@example.org,2024-04-16,REGULAR
563,Michael Smith,sbray@example.net,2024-06-11,REGULAR
564,Debbie Dunn,ucarpenter@example.com,2024-07-22,VIP
565,Jeff Barnes,thomas95@example.com,2025-02-17,PREMIUM
566,Veronica Parks,melissa47@example.org,2023-12-22,VIP
567,Robert Rodgers,linda86@example.com,2025-07-23,PREMIUM
568,Michelle Floyd,thompsonvictorexample.net,2024-10-28,PREMIUM
569,Christopher Lewis,anna90@example.com,2024-08-18,VIP
570,Debbie Ward,gcombs@example.com,2025-12-02,VIP
571,Tracey Gonzalez,maurice61@example.com,2025-12-30,VIP
572,Katherine Doyle,tiffanymitchell@example.com,2023-11-18,REGULAR
573,Sheena Davidson,daustin@example.net,2024-12-25,PREMIUM
574,Andrea Martin,kwelch@example.com,2024-07-08,VIP
575,Denise Wallace,logan44@example.net,2025-02-03,VIP
576,David King,lgutierrez@example.org,2026-07-12,REGULAR
577,Shawn Kelley,clarkrandy@example.org,2023-08-29,PREMIUM
578,Christopher Pena,fwarren@example.org,2025-03-16,PREMIUM
579,Joseph Jackson,jerome47@example.net,2023-09-12,REGULAR
580,Kimberly Nelson,michelle57@example.com,2025-06-10,REGULAR
581,Joyce Curry,tarawolfe@example.org,2025-12-12,PREMIUM
582,Gregory Fernandez,omills@example.net,2023-12-06,REGULAR
583,Adam Mills,aparker@example.com,2024-02-16,REGULAR
584,Theresa Woods,justin80@example.net,2023-08-03,PREMIUM
585,Kimberly Lopez,myates@example.org,2025-12-06,VIP
586,Jean Gray,kfoster@example.net,2024-08-31,VIP
587,Melinda Mitchell,hendersonjohn@example.net,2025-10-23,VIP
588,Mark Williamson,robert12@example.org,2024-09-14,PREMIUM
589,Joseph Lopez,blopez@example.org,2023-12-25,PREMIUM
590,Adrian Robinson,joseph70@example.org,2025-05-02,PREMIUM
591,Amanda Miller,kristi75@example.com,2024-03-02,PREMIUM
592,Corey Skinner,adamsphilip@example.net,2025-03-03,PREMIUM
593,William Wright,martinezkayla@example.org,2023-09-10,PREMIUM
594,Christine Price,stevenwise@example.net,2024-11-15,VIP
595,John Evans,eric08@example.net,2025-01-29,VIP
596,Jeffrey Smith,boyerjeff@example.org,2024-09-20,PREMIUM
597,Melissa Barker,fosterjohn@example.org,2024-03-16,REGULAR
598,Luke Galvan,kelli32@example.com,2026-03-17,PREMIUM
599,Ashley Freeman,browndeanna@example.net,2024-11-23,REGULAR
600,Heather Taylor,linda73@example.org,2023-09-19,VIP
