item_id,order_id,product_id,quantity,unit_price,discount_percent
1,1,311,4,24799.0,91.61
2,1,247,-1,4043.06,50.07
3,1,37,3,35213.2,92.57
4,1,171,4,37392.19,37.31
5,1,70,4,33850.51,98.75
6,2,210,1,11560.24,12.45
7,3,84,3,7561.03,75.16
8,3,100,3,6311.3,48.86
9,3,391,3,5372.32,65.09
10,3,224,4,36256.78,24.24
11,3,491,1,34347.27,36.14
12,4,358,2,26929.0,45.55
13,5,131,5,45109.84,66.26
14,5,127,-2,8182.15,77.1
15,6,204,1,3281.62,18.88
16,6,362,4,21780.73,42.69
17,6,301,3,26890.76,53.32
18,6,499,4,28513.24,73.39
19,7,56,5,2053.19,34.44
20,8,138,2,25797.51,39.8
21,8,384,-3,11984.56,16.84
22,9,1,4,6383.6,65.45
23,9,50,4,25416.11,37.47
24,9,36,2,485.72,18.2
25,9,397,1,27842.09,81.44
26,10,103,2,21587.3,19.19
27,10,31,4,24334.52,91.3
28,11,445,2,10426.95,8.57
29,12,142,1,25784.77,58.56
30,13,249,1,32529.73,75.18
31,13,345,1,31441.19,78.92
32,13,390,1,11757.2,52.23
33,13,52,1,42779.14,52.01
34,14,478,3,2577.59,33.66
35,14,249,3,32529.73,81.68
36,14,243,3,27627.01,37.84
37,15,500,3,9099.8,80.63
38,16,234,4,46744.44,88.8
39,17,14,1,32770.18,27.95
40,17,309,2,9436.22,61.84
41,18,264,1,13471.8,95.75
42,18,212,-3,38326.07,36.02
43,18,339,1,3989.14,73.58
44,18,97,4,44300.94,48.45
45,19,407,4,32399.19,85.71
46,19,42,1,12241.49,29.39
47,19,179,2,36183.57,86.99
48,19,220,5,7545.96,71.67
49,19,481,1,40273.77,79.68
50,20,427,4,8850.05,44.63
51,20,345,1,31441.19,54.07
52,20,281,2,35447.52,75.33
53,21,55,4,40567.24,2.92
54,22,463,3,7278.25,25.76
55,22,197,4,18153.06,67.06
56,22,393,2,42638.86,63.35
57,23,47,2,31434.64,76.63
58,23,408,5,4477.31,34.32
59,23,355,4,3469.88,78.51
60,23,171,4,37392.19,22.36
61,24,149,1,38243.77,34.02
62,25,480,5,45584.62,85.33
63,25,97,4,44300.94,0.17
64,25,382,1,43872.21,18.99
65,25,483,4,33892.09,31.96
66,25,60,3,32862.55,93.39
67,26,267,5,22497.3,10.66
68,26,340,1,17244.35,46.06
69,27,418,3,8860.28,49.98
70,27,483,4,33892.09,28.34
71,28,307,3,19247.13,99.03
72,29,141,5,46694.2,82.87
73,30,150,1,19755.8,33.31
74,30,361,2,47676.06,93.44
75,30,495,2,29319.98,5.26
76,30,193,2,14822.38,72.74
77,31,418,2,8860.28,54.79
78,31,338,3,11783.78,47.34
79,31,468,3,22211.22,39.11
80,32,373,5,45705.99,13.09
81,32,145,5,32747.58,5.41
82,32,357,3,38378.79,16.37
83,32,473,2,10116.27,48.24
84,32,100,2,6311.3,80.44
85,33,377,1,38699.02,85.61
86,33,334,1,49592.73,98.85
87,34,193,4,14822.38,16.82
88,34,487,1,12091.07,97.42
89,35,484,1,33151.54,65.01
90,35,27,5,48593.33,14.86
91,36,126,4,43423.76,68.8
92,36,18,2,4752.18,37.54
93,36,61,1,7157.28,86.49
94,36,124,4,48621.75,65.32
95,37,6,1,2714.71,64.14
96,37,62,5,19658.7,58.69
97,37,60,5,32862.55,69.37
98,38,407,5,32399.19,48.42
99,39,153,3,25823.74,90.89
100,39,293,5,23860.51,81.29
101,39,65,1,10788.21,81.75
102,39,51,5,18500.01,51.89
103,40,276,1,42989.47,20.75
104,40,366,1,39078.09,59.91
105,40,420,-2,10153.07,44.72
106,40,405,3,8723.08,12.88
107,40,334,2,49592.73,8.78
108,41,436,1,39979.81,50.61
109,41,386,3,22977.06,17.16
110,41,18,1,4752.18,4.62
111,42,464,4,16641.55,49.04
112,42,401,3,40656.08,98.6
113,42,151,3,25505.21,51.06
114,42,338,1,11783.78,4.47
115,42,274,1,15302.43,29.97
116,43,491,5,34347.27,59.18
117,43,69,3,40471.28,62.23
118,44,282,3,42404.62,64.98
119,45,205,1,20502.46,67.65
120,45,234,2,46744.44,7.06
121,46,325,2,31656.86,56.36
122,46,357,5,38378.79,41.97
123,46,331,2,14251.29,78.78
124,47,14,1,32770.18,53.15
125,47,494,5,17828.64,32.94
126,47,310,1,24281.99,33.35
127,47,127,3,8182.15,79.81
128,48,6,2,2714.71,10.5
129,48,51,1,18500.01,72.83
130,48,194,3,22803.44,80.68
131,49,271,3,13493.5,86.54
132,50,139,2,13446.84,75.19
133,50,312,2,24486.11,74.13
134,50,51,5,18500.01,88.2
135,50,460,4,28373.04,12.76
136,50,25,1,38144.23,71.32
137,51,74,5,25195.04,5.29
138,51,194,3,22803.44,24.91
139,52,215,3,49674.82,50.22
140,52,362,3,21780.73,52.06
141,52,235,2,11577.93,85.79
142,52,94,3,16993.51,31.27
143,52,225,1,30287.98,7.67
144,53,484,2,33151.54,8.46
145,53,48,3,28268.14,49.29
146,54,493,4,37071.85,93.24
147,55,246,5,12124.34,67.68
148,55,255,5,15792.79,40.55
149,56,98,4,40788.76,74.97
150,56,467,2,48627.58,66.12
151,56,426,5,28142.67,4.24
152,56,382,4,43872.21,67.45
153,56,4,5,39945.84,17.48
154,57,430,3,37292.63,42.27
155,57,69,4,40471.28,96.97
156,57,264,3,13471.8,24.98
157,58,436,3,39979.81,26.48
158,58,393,1,42638.86,56.88
159,58,440,2,8333.36,92.91
160,58,61,5,7157.28,3.54
161,58,149,4,38243.77,84.84
162,59,183,1,27210.69,32.86
163,60,55,2,40567.24,0.89
164,60,3,4,29839.48,8.47
165,60,180,5,8871.86,41.07
166,61,4,3,39945.84,39.54
167,61,80,3,4172.11,89.22
168,61,394,5,35264.77,10.87
169,61,337,4,8359.7,43.94
170,62,182,-4,30178.87,88.36
171,62,383,2,36930.32,28.49
172,63,203,3,37315.64,16.03
173,63,216,2,33659.34,95.97
174,64,61,5,7157.28,68.17
175,64,216,2,33659.34,76.44
176,64,251,4,25042.93,92.36
177,65,68,1,18898.32,34.41
178,65,57,1,8021.44,23.65
179,65,491,3,34347.27,59.71
180,65,56,1,2053.19,28.95
181,66,43,5,37315.66,51.12
182,66,390,2,11757.2,11.5
183,66,220,3,7545.96,24.74
184,66,127,4,8182.15,70.65
185,67,359,5,25614.1,18.87
186,68,323,2,49625.06,27.39
187,68,325,2,31656.86,42.63
188,68,77,5,38179.53,86.44
189,68,118,4,27154.35,30.64
190,68,62,2,19658.7,42.61
191,69,262,4,47063.03,30.43
192,70,187,3,44862.43,24.7
193,70,144,1,2528.04,0.05
194,70,483,3,33892.09,47.21
195,71,52,4,42779.14,30.44
196,71,221,1,42482.11,68.3
197,71,95,2,9195.67,74.13
198,71,130,3,29631.24,58.89
199,71,486,5,13916.56,65.02
200,72,300,1,40455.62,13.05
201,72,197,5,18153.06,58.66
202,73,99,4,9636.06,7.49
203,73,361,5,47676.06,30.15
204,74,390,2,11757.2,19.17
205,74,104,5,16463.2,89.16
206,74,274,5,15302.43,89.49
207,74,370,4,5234.96,11.74
208,75,35,5,10640.58,16.69
209,75,248,3,34892.09,12.89
210,75,215,1,49674.82,6.08
211,75,269,2,19451.2,39.75
212,76,446,4,15486.83,38.42
213,76,263,4,19065.63,27.15
214,76,498,-2,42726.56,57.19
215,76,39,5,28830.38,87.92
216,76,85,5,6180.23,70.78
217,77,133,3,31985.66,17.11
218,77,156,1,33722.94,29.18
219,77,437,2,47587.94,27.78
220,77,113,2,14006.62,79.06
221,77,152,2,16718.73,21.0
222,78,1,3,6383.6,97.22
223,79,43,5,37315.66,13.36
224,79,485,5,24138.75,98.53
225,79,362,1,21780.73,21.93
226,80,91,1,19405.38,97.88
227,80,132,5,47432.49,74.58
228,80,498,4,42726.56,25.73
229,81,283,3,12176.86,58.17
230,81,106,4,43514.86,23.17
231,81,419,4,11018.57,90.22
232,81,227,1,16714.92,45.94
233,81,113,2,14006.62,49.05
234,82,332,1,38136.48,88.53
235,82,145,4,32747.58,18.78
236,83,37,2,35213.2,64.51
237,83,219,4,48617.28,52.68
238,84,309,1,9436.22,2.07
239,85,391,1,5372.32,77.01
240,86,74,-5,25195.04,96.64
241,86,481,1,40273.77,81.83
242,86,322,1,28679.51,48.04
243,87,457,3,29792.88,24.38
244,87,228,5,5954.08,62.75
245,87,418,-1,8860.28,4.45
246,87,84,5,7561.03,51.15
247,87,158,4,38830.49,91.22
248,88,117,4,4480.76,35.33
249,89,116,4,42656.03,71.49
250,89,472,1,26261.88,99.08
251,89,451,2,37847.2,95.58
252,90,40,1,1140.74,92.47
253,90,316,1,2176.37,60.45
254,90,171,2,37392.19,33.48
255,91,348,2,7077.53,68.72
256,91,218,5,27880.23,34.84
257,92,139,4,13446.84,93.29
258,93,404,1,36249.1,97.8
259,94,164,4,47838.61,79.69
260,94,76,4,18623.48,11.32
261,95,492,1,8582.33,12.75
262,95,373,4,45705.99,49.42
263,95,143,4,47267.12,41.39
264,95,75,3,7006.09,94.4
265,96,197,5,18153.06,53.38
266,96,215,5,49674.82,23.01
267,97,298,4,30743.94,77.66
268,98,360,2,29363.21,20.33
269,98,45,1,40965.54,47.39
270,99,472,1,26261.88,36.09
271,99,57,2,8021.44,14.41
272,100,498,2,42726.56,5.59
273,100,477,2,17278.03,69.58
274,100,468,2,22211.22,2.63
275,100,216,4,33659.34,70.14
276,100,125,5,17291.29,83.74
277,101,16,3,15696.16,24.5
278,101,76,1,18623.48,81.37
279,102,392,4,26842.63,74.81
280,102,94,3,16993.51,72.26
281,103,401,3,40656.08,6.0
282,103,331,1,14251.29,17.36
283,103,356,-2,47439.13,83.27
284,103,7,4,22468.93,82.95
285,104,257,2,41749.06,9.19
286,104,157,4,31500.1,12.51
287,104,364,2,35104.83,5.6
288,104,117,4,4480.76,74.6
289,104,217,5,49286.21,7.72
290,105,245,4,33734.24,16.48
291,105,161,3,20997.14,19.47
292,105,335,1,44119.17,36.27
293,105,329,-3,17975.31,28.22
294,106,55,3,40567.24,20.17
295,106,34,1,49223.84,8.5
296,106,109,5,33936.63,56.37
297,106,306,4,7153.79,31.46
298,106,6,-3,2714.71,35.66
299,107,491,2,34347.27,39.06
300,107,204,3,3281.62,70.27
301,107,257,1,41749.06,89.65
302,108,52,1,42779.14,38.21
303,108,258,5,7083.53,3.74
304,108,414,2,12133.52,46.31
305,108,397,1,27842.09,23.16
306,108,77,2,38179.53,65.42
307,109,494,5,17828.64,60.87
308,109,257,5,41749.06,34.14
309,110,174,3,11361.02,94.01
310,110,149,1,38243.77,77.42
311,111,123,1,35971.6,56.69
312,111,107,4,39594.74,1.49
313,111,313,3,11104.42,96.89
314,111,311,1,24799.0,45.48
315,112,479,2,10415.88,57.65
316,112,152,3,16718.73,17.92
317,113,133,4,31985.66,14.04
318,113,243,1,27627.01,48.83
319,113,132,3,47432.49,40.09
320,113,391,5,5372.32,12.9
321,114,263,3,19065.63,68.22
322,114,433,5,36048.64,87.74
323,114,320,1,39263.98,64.39
324,115,359,-5,25614.1,85.31
325,115,421,3,40140.98,57.01
326,116,115,4,10807.06,66.92
327,117,239,5,42350.2,46.49
328,117,240,1,31572.01,10.83
329,117,329,4,17975.31,19.95
330,118,34,5,49223.84,70.23
331,118,163,4,10446.35,45.46
332,118,176,5,48897.74,47.0
333,119,164,1,47838.61,77.42
334,119,291,1,14842.07,36.15
335,120,243,1,27627.01,68.37
336,120,110,3,38947.92,17.61
337,120,28,2,22736.92,40.51
338,120,109,3,33936.63,45.14
339,121,269,3,19451.2,5.37
340,121,110,4,38947.92,75.32
341,121,343,2,40687.06,94.19
342,121,458,4,19928.01,68.88
343,122,495,4,29319.98,69.29
344,122,357,4,38378.79,56.09
345,123,102,5,24926.42,66.41
346,123,40,-3,1140.74,89.65
347,123,371,2,2297.49,31.64
348,123,342,4,5249.76,72.23
349,123,297,4,31525.04,85.73
350,124,328,1,223.41,97.9
351,124,497,4,43388.14,77.44
352,124,297,5,31525.04,34.81
353,124,50,2,25416.11,57.68
354,125,190,-3,47706.34,89.67
355,126,420,4,10153.07,35.17
356,126,445,5,10426.95,97.41
357,126,64,3,25473.58,17.58
358,126,359,4,25614.1,55.28
359,126,256,2,46450.86,38.16
360,127,325,1,31656.86,80.59
361,127,146,1,5464.1,1.64
362,127,360,4,29363.21,74.99
363,127,318,5,17493.99,9.97
364,128,258,3,7083.53,21.19
365,128,298,4,30743.94,11.45
366,128,413,4,38365.42,35.06
367,128,17,4,34372.37,82.04
368,129,4,2,39945.84,26.76
369,129,482,3,42594.15,90.27
370,129,192,4,20330.29,0.42
371,129,401,4,40656.08,2.62
372,130,431,5,44277.48,17.04
373,130,419,5,11018.57,24.18
374,130,266,4,38091.19,64.44
375,131,411,5,19480.23,93.94
376,132,373,3,45705.99,43.74
377,132,89,1,4372.14,12.63
378,132,207,1,33123.45,78.43
379,132,463,3,7278.25,15.91
380,133,105,-4,21363.19,77.0
381,133,48,-2,28268.14,70.76
382,133,14,1,32770.18,2.53
383,134,233,3,28169.98,65.25
384,134,325,2,31656.86,53.54
385,135,372,4,19210.68,65.93
386,135,400,3,31551.85,14.38
387,136,327,5,34765.71,11.09
388,137,63,2,39603.93,49.42
389,137,55,3,40567.24,20.8
390,137,73,1,28563.93,2.2
391,137,145,1,32747.58,62.57
392,137,135,2,3089.66,37.53
393,138,325,2,31656.86,1.01
394,138,466,2,15222.44,63.12
395,138,231,1,44152.32,34.28
396,139,248,-5,34892.09,52.17
397,139,315,3,28678.43,19.28
398,139,308,1,45966.13,51.8
399,140,111,3,1716.03,21.7
400,140,444,3,21437.54,8.34
401,141,138,4,25797.51,9.2
402,141,141,5,46694.2,46.7
403,142,224,2,36256.78,19.79
404,142,263,3,19065.63,10.29
405,142,485,5,24138.75,79.41
406,142,205,4,20502.46,44.62
407,143,383,1,36930.32,42.93
408,143,140,5,47274.71,89.79
409,143,418,1,8860.28,88.94
410,143,164,5,47838.61,40.98
411,143,319,5,11923.61,64.51
412,144,181,3,37475.26,18.59
413,144,204,2,3281.62,65.7
414,144,16,3,15696.16,31.45
415,144,59,1,27942.36,1.09
416,144,93,3,5272.83,56.75
417,145,461,1,39308.71,60.18
418,145,120,5,49258.11,56.1
419,145,288,5,20040.93,80.74
420,146,294,4,2329.68,43.52
421,147,102,4,24926.42,99.03
422,147,101,4,44742.41,45.28
423,147,26,5,7248.25,38.29
424,148,11,5,7501.86,91.16
425,148,146,3,5464.1,96.69
426,148,10,1,5487.3,91.8
427,148,330,1,21539.19,1.63
428,148,402,4,22227.22,80.25
429,149,141,3,46694.2,55.65
430,149,163,3,10446.35,4.71
431,149,386,3,22977.06,45.46
432,150,432,3,10563.25,10.27
433,151,25,1,38144.23,99.35
434,151,423,4,48031.88,8.8
435,152,418,1,8860.28,86.8
436,152,463,3,7278.25,4.31
437,152,276,1,42989.47,7.5
438,153,353,4,46702.83,17.03
439,153,314,2,8493.63,11.99
440,153,406,3,44182.85,75.3
441,154,327,5,34765.71,57.79
442,154,229,4,10305.21,32.19
443,154,343,4,40687.06,26.38
444,154,63,3,39603.93,35.3
445,155,338,2,11783.78,7.51
446,155,332,4,38136.48,1.31
447,156,240,4,31572.01,10.45
448,156,420,2,10153.07,76.16
449,157,440,4,8333.36,84.78
450,157,161,1,20997.14,21.88
451,157,390,3,11757.2,45.24
452,157,484,5,33151.54,78.0
453,157,160,2,28671.26,42.31
454,158,488,1,34069.71,87.62
455,158,446,1,15486.83,89.41
456,158,296,2,8090.77,47.62
457,159,232,5,42002.59,43.15
458,159,181,2,37475.26,43.08
459,159,136,3,17075.61,27.26
460,159,61,1,7157.28,38.25
461,159,475,4,25305.81,18.94
462,160,305,5,5981.3,51.86
463,160,142,1,25784.77,64.63
464,161,113,1,14006.62,3.57
465,162,123,1,35971.6,88.26
466,162,34,4,49223.84,10.13
467,162,273,3,12404.84,17.1
468,163,178,3,32330.31,28.8
469,163,327,1,34765.71,50.32
470,164,245,2,33734.24,68.14
471,164,379,2,37004.84,89.99
472,164,157,2,31500.1,66.6
473,164,437,4,47587.94,17.75
474,164,465,3,13502.36,17.07
475,165,305,3,5981.3,58.32
476,166,448,1,18533.14,56.73
477,166,127,3,8182.15,52.53
478,166,242,2,30864.32,77.53
479,166,57,1,8021.44,73.62
480,167,252,3,48694.6,25.35
481,167,377,-4,38699.02,35.26
482,167,180,3,8871.86,77.45
483,167,280,5,28236.14,26.99
484,168,373,2,45705.99,14.16
485,168,328,4,223.41,57.76
486,168,11,4,7501.86,74.44
487,168,76,2,18623.48,37.78
488,168,211,1,46876.78,87.71
489,169,461,5,39308.71,91.03
490,169,468,3,22211.22,39.1
491,169,231,4,44152.32,27.62
492,169,491,2,34347.27,52.01
493,169,449,3,13243.7,12.3
494,170,291,3,14842.07,0.83
495,170,496,2,31756.4,15.02
496,170,406,3,44182.85,66.43
497,170,178,3,32330.31,6.46
498,171,8,2,47276.24,59.31
499,171,233,1,28169.98,0.51
500,171,21,3,17647.14,0.06
501,172,71,3,37451.97,50.2
502,172,180,5,8871.86,8.6
503,172,450,3,33406.68,73.31
504,173,300,2,40455.62,93.29
505,173,471,2,8032.72,63.7
506,173,42,4,12241.49,90.42
507,173,149,3,38243.77,59.7
508,174,289,3,13011.04,13.92
509,174,224,2,36256.78,41.63
510,175,155,1,26663.76,92.71
511,175,157,4,31500.1,37.6
512,176,50,3,25416.11,68.52
513,176,71,3,37451.97,42.77
514,176,270,4,8562.19,46.13
515,176,227,-5,16714.92,76.68
516,177,387,2,31897.06,30.24
517,178,298,3,30743.94,54.33
518,178,263,5,19065.63,5.35
519,179,65,4,10788.21,87.49
520,179,207,4,33123.45,8.47
521,179,344,3,522.89,64.99
522,179,4,3,39945.84,82.19
523,180,247,1,4043.06,67.44
524,180,354,1,27363.18,51.63
525,180,170,5,14452.75,49.53
526,180,443,2,2576.81,63.97
527,180,32,2,25666.08,31.09
528,181,413,4,38365.42,20.07
529,182,1,2,6383.6,12.1
530,183,127,2,8182.15,2.47
531,184,228,3,5954.08,98.27
532,184,201,2,22894.24,54.67
533,184,29,5,38864.1,85.93
534,184,475,5,25305.81,14.62
535,184,63,1,39603.93,81.86
536,185,88,5,30779.0,48.05
537,185,262,3,47063.03,95.91
538,186,189,4,440.82,10.73
539,186,342,4,5249.76,14.82
540,186,141,3,46694.2,56.42
541,186,201,1,22894.24,3.41
542,187,228,2,5954.08,72.31
543,187,22,-3,42379.01,15.83
544,187,465,5,13502.36,50.32
545,187,182,3,30178.87,52.51
546,187,493,5,37071.85,65.59
547,188,336,3,18085.73,85.87
548,188,369,2,25030.54,76.26
549,188,289,3,13011.04,6.82
550,189,193,2,14822.38,92.74
551,189,493,5,37071.85,69.78
552,189,242,5,30864.32,34.81
553,189,311,5,24799.0,6.76
554,190,437,2,47587.94,66.53
555,191,479,2,10415.88,80.86
556,191,348,2,7077.53,88.08
557,191,244,4,26833.33,42.01
558,191,166,1,14022.42,25.05
559,192,434,1,48458.18,37.43
560,193,473,2,10116.27,69.87
561,194,69,2,40471.28,49.11
562,194,327,3,34765.71,74.22
563,194,294,4,2329.68,80.87
564,194,285,2,46027.57,2.42
565,195,105,1,21363.19,89.33
566,196,397,5,27842.09,34.07
567,196,209,5,48926.69,83.24
568,196,291,5,14842.07,50.09
569,197,317,2,41520.53,43.89
570,197,461,4,39308.71,56.92
571,197,287,2,17814.94,29.82
572,198,256,2,46450.86,54.05
573,199,115,3,10807.06,25.14
574,200,35,3,10640.58,57.54
575,200,447,5,13323.72,50.0
576,200,81,4,41974.9,54.59
577,201,299,4,322.06,98.49
578,202,17,3,34372.37,20.05
579,203,72,2,48283.27,73.39
580,204,121,4,27745.67,94.8
581,205,360,3,29363.21,94.99
582,205,428,5,189.72,92.94
583,205,392,5,26842.63,12.95
584,205,414,1,12133.52,49.66
585,205,19,2,29364.61,43.15
586,206,401,-2,40656.08,5.54
587,206,436,2,39979.81,86.03
588,206,449,1,13243.7,5.21
589,207,357,4,38378.79,11.56
590,207,65,1,10788.21,98.25
591,207,221,3,42482.11,34.31
592,207,360,1,29363.21,9.2
593,208,117,4,4480.76,88.83
594,209,291,2,14842.07,7.66
595,209,24,2,41490.09,28.26
596,209,411,3,19480.23,65.52
597,209,8,2,47276.24,12.97
598,209,448,4,18533.14,12.24
599,210,40,3,1140.74,20.59
600,211,460,2,28373.04,30.27
601,211,469,3,32313.19,29.27
602,211,440,2,8333.36,26.75
603,212,258,4,7083.53,62.19
604,212,54,3,16144.19,91.2
605,212,28,5,22736.92,74.19
606,212,178,2,32330.31,72.49
607,212,462,2,24330.68,23.51
608,213,333,-1,23033.13,83.63
609,213,392,3,26842.63,38.42
610,213,233,1,28169.98,85.46
611,213,488,4,34069.71,86.28
612,214,228,4,5954.08,43.11
613,214,23,1,28747.59,3.13
614,214,115,3,10807.06,91.01
615,214,106,3,43514.86,90.74
616,215,111,5,1716.03,42.75
617,215,388,1,21805.65,55.33
618,215,15,3,20749.3,93.8
619,215,175,4,35896.17,71.92
620,215,372,5,19210.68,96.03
621,216,382,1,43872.21,68.26
622,216,474,3,45909.75,24.99
623,216,122,5,44223.9,57.11
624,216,68,1,18898.32,36.17
625,217,401,-5,40656.08,30.69
626,217,335,3,44119.17,84.76
627,217,415,4,39889.8,43.99
628,218,19,5,29364.61,5.86
629,218,495,1,29319.98,61.03
630,218,184,3,9721.29,44.04
631,218,246,3,12124.34,27.61
632,219,66,2,7831.76,65.6
633,219,117,2,4480.76,3.85
634,219,323,5,49625.06,57.99
635,219,90,1,39341.98,22.8
636,220,500,3,9099.8,4.47
637,220,132,2,47432.49,7.75
638,220,9,4,48204.91,7.75
639,221,167,3,35274.56,68.1
640,221,293,1,23860.51,87.59
641,222,13,5,22740.4,33.5
642,222,168,4,46691.65,37.47
643,223,319,3,11923.61,93.03
644,223,16,-5,15696.16,60.9
645,223,83,3,30805.88,78.09
646,224,402,2,22227.22,58.27
647,224,298,2,30743.94,99.78
648,224,365,1,39171.06,95.86
649,224,177,2,43932.14,99.78
650,224,482,5,42594.15,53.9
651,225,434,5,48458.18,60.71
652,226,267,5,22497.3,24.4
653,226,226,2,29420.43,97.75
654,226,163,2,10446.35,74.82
655,226,138,1,25797.51,44.5
656,226,100,4,6311.3,35.2
657,227,40,5,1140.74,78.63
658,227,469,2,32313.19,82.68
659,227,186,2,14821.71,24.49
660,227,335,4,44119.17,66.59
661,227,248,5,34892.09,28.69
662,228,61,4,7157.28,14.84
663,228,42,4,12241.49,77.26
664,228,210,2,11560.24,1.55
665,229,215,3,49674.82,71.14
666,230,381,1,20560.8,2.39
667,230,52,2,42779.14,13.24
668,230,65,5,10788.21,90.43
669,230,446,3,15486.83,69.69
670,231,365,1,39171.06,82.47
671,231,151,3,25505.21,61.66
672,232,38,3,2210.88,91.07
673,233,380,4,24718.7,73.34
674,233,428,5,189.72,93.66
675,233,224,1,36256.78,0.78
676,233,149,5,38243.77,64.94
677,234,165,5,38622.29,77.3
678,234,225,2,30287.98,34.11
679,234,91,5,19405.38,52.52
680,234,261,5,39199.05,42.67
681,235,197,2,18153.06,4.19
682,235,164,2,47838.61,27.83
683,235,388,5,21805.65,34.73
684,236,61,3,7157.28,22.36
685,236,148,2,9813.3,91.77
686,237,386,3,22977.06,20.68
687,237,55,5,40567.24,2.74
688,237,474,1,45909.75,53.98
689,237,119,-2,35040.94,83.25
690,237,342,1,5249.76,28.18
691,238,219,4,48617.28,10.96
692,238,375,1,6058.11,43.23
693,238,228,3,5954.08,13.68
694,238,267,3,22497.3,11.65
695,238,65,3,10788.21,74.43
696,239,373,3,45705.99,33.53
697,239,39,4,28830.38,51.28
698,240,362,3,21780.73,3.84
699,241,478,5,2577.59,84.14
700,242,486,1,13916.56,58.63
701,243,345,3,31441.19,48.45
702,243,101,2,44742.41,28.26
703,244,326,1,39750.47,85.72
704,244,449,-2,13243.7,6.73
705,245,313,4,11104.42,61.34
706,245,107,5,39594.74,34.87
707,245,364,5,35104.83,18.01
708,245,92,3,39447.15,87.5
709,245,20,4,33300.49,63.0
710,246,183,2,27210.69,88.09
711,246,279,3,16361.72,44.72
712,246,247,2,4043.06,11.58
713,246,152,4,16718.73,66.06
714,246,50,3,25416.11,70.48
715,247,431,5,44277.48,23.49
716,247,413,3,38365.42,21.51
717,247,443,4,2576.81,77.18
718,247,251,3,25042.93,41.12
719,248,218,1,27880.23,72.82
720,248,205,3,20502.46,4.56
721,248,134,4,24198.95,57.25
722,248,468,2,22211.22,77.96
723,249,486,5,13916.56,12.92
724,250,11,1,7501.86,33.33
725,250,487,3,12091.07,55.29
726,250,370,1,5234.96,36.21
727,250,411,2,19480.23,83.81
728,250,195,4,23594.32,22.93
729,251,467,3,48627.58,55.3
730,251,192,2,20330.29,3.61
731,252,387,5,31897.06,39.79
732,253,22,1,42379.01,77.24
733,253,81,2,41974.9,74.99
734,253,145,4,32747.58,13.12
735,253,155,3,26663.76,7.65
736,254,370,-1,5234.96,83.03
737,254,361,5,47676.06,9.56
738,254,391,5,5372.32,19.43
739,254,376,5,49072.55,78.48
740,254,213,4,29737.81,2.34
741,255,235,3,11577.93,57.62
742,255,104,4,16463.2,9.31
743,255,52,4,42779.14,48.33
744,256,260,4,38473.38,76.27
745,256,126,1,43423.76,57.79
746,256,196,1,43669.44,23.21
747,256,9,3,48204.91,10.89
748,256,255,3,15792.79,80.97
749,257,49,5,23499.16,86.48
750,258,304,4,30906.4,47.35
751,258,128,5,42312.09,5.89
752,258,43,4,37315.66,31.15
753,258,73,3,28563.93,3.65
754,259,307,2,19247.13,79.47
755,259,209,5,48926.69,95.95
756,259,447,2,13323.72,70.89
757,259,3,5,29839.48,73.97
758,259,138,1,25797.51,42.57
759,260,193,2,14822.38,16.21
760,261,86,2,22909.97,97.19
761,262,454,4,40042.47,62.62
762,263,250,4,27679.8,29.68
763,263,72,4,48283.27,71.99
764,263,384,3,11984.56,61.51
765,263,448,3,18533.14,16.59
766,263,281,3,35447.52,20.45
767,264,488,3,34069.71,21.06
768,264,366,3,39078.09,72.01
769,264,191,2,34669.15,71.51
770,264,266,-4,38091.19,41.63
771,264,310,2,24281.99,99.33
772,265,160,2,28671.26,9.38
773,266,170,4,14452.75,6.68
774,266,49,5,23499.16,34.5
775,266,32,1,25666.08,27.46
776,266,320,4,39263.98,30.58
777,267,393,5,42638.86,20.26
778,267,207,5,33123.45,73.07
779,267,479,3,10415.88,56.37
780,267,131,2,45109.84,58.73
781,267,288,4,20040.93,77.2
782,268,310,5,24281.99,47.34
783,268,142,-2,25784.77,23.18
784,268,495,2,29319.98,80.34
785,268,414,2,12133.52,47.55
786,268,378,1,497.66,89.6
787,269,71,5,37451.97,42.54
788,270,168,1,46691.65,39.32
789,270,155,4,26663.76,35.5
790,270,257,5,41749.06,7.82
791,270,390,5,11757.2,95.54
792,271,365,4,39171.06,49.01
793,271,74,3,25195.04,55.79
794,271,431,4,44277.48,17.8
795,272,438,3,8129.13,21.38
796,272,239,5,42350.2,92.06
797,272,395,2,35586.75,17.9
798,273,101,4,44742.41,19.49
799,274,159,3,26259.19,1.3
800,274,169,3,27205.22,27.5
801,274,49,4,23499.16,99.57
802,274,467,3,48627.58,5.72
803,274,189,5,440.82,86.32
804,275,312,2,24486.11,87.49
805,275,324,5,16172.63,3.82
806,275,233,1,28169.98,71.33
807,275,252,2,48694.6,13.16
808,276,428,4,189.72,6.23
809,276,434,1,48458.18,27.75
810,276,62,2,19658.7,73.75
811,276,29,3,38864.1,84.82
812,277,460,5,28373.04,36.63
813,277,364,1,35104.83,40.32
814,277,87,1,31634.55,82.5
815,278,76,4,18623.48,60.85
816,278,374,5,45801.15,63.53
817,278,137,1,49402.37,56.06
818,278,43,1,37315.66,56.82
819,278,89,1,4372.14,46.3
820,279,471,1,8032.72,8.64
821,280,303,1,19687.95,78.87
822,280,321,2,14126.14,46.03
823,280,495,2,29319.98,68.09
824,281,383,2,36930.32,37.93
825,281,387,3,31897.06,14.04
826,282,212,2,38326.07,19.92
827,282,116,3,42656.03,43.96
828,282,428,1,189.72,57.87
829,283,396,4,15012.15,68.7
830,283,329,2,17975.31,83.47
831,283,268,4,27755.57,56.87
832,284,178,3,32330.31,69.97
833,284,331,5,14251.29,74.31
834,284,416,3,15968.42,77.34
835,284,350,3,10351.74,26.08
836,285,265,2,18098.94,46.72
837,286,191,5,34669.15,32.24
838,286,289,1,13011.04,86.93
839,286,194,1,22803.44,47.55
840,287,332,2,38136.48,30.63
841,287,463,4,7278.25,75.2
842,287,52,4,42779.14,45.64
843,288,356,2,47439.13,37.32
844,288,223,3,10246.5,40.12
845,288,375,1,6058.11,87.74
846,288,205,5,20502.46,42.59
847,288,243,3,27627.01,40.08
848,289,84,5,7561.03,30.06
849,290,495,5,29319.98,12.99
850,290,358,3,26929.0,5.38
851,290,483,1,33892.09,76.58
852,290,269,3,19451.2,16.53
853,290,102,1,24926.42,20.04
854,291,155,1,26663.76,85.78
855,291,158,4,38830.49,24.47
856,292,433,2,36048.64,47.08
857,292,398,4,39711.11,91.28
858,292,192,4,20330.29,70.62
859,292,3,1,29839.48,31.84
860,292,245,2,33734.24,32.71
861,293,420,4,10153.07,53.41
862,293,346,3,43012.13,74.04
863,293,374,-5,45801.15,88.56
864,294,394,3,35264.77,50.15
865,294,121,1,27745.67,75.17
866,295,331,2,14251.29,18.8
867,296,155,1,26663.76,65.4
868,296,223,4,10246.5,31.11
869,297,18,4,4752.18,39.82
870,297,134,5,24198.95,46.49
871,297,491,1,34347.27,73.27
872,297,489,4,20986.43,1.22
873,298,66,4,7831.76,1.16
874,298,295,4,33889.25,5.45
875,298,260,4,38473.38,63.41
876,299,414,3,12133.52,71.2
877,299,411,5,19480.23,11.17
878,299,466,2,15222.44,53.17
879,299,231,4,44152.32,8.0
880,299,258,1,7083.53,93.42
881,300,133,4,31985.66,46.48
882,300,102,1,24926.42,48.96
883,300,264,3,13471.8,59.93
884,300,417,3,47383.18,33.75
885,300,315,3,28678.43,2.35
886,301,92,-4,39447.15,32.46
887,301,151,1,25505.21,35.72
888,301,183,1,27210.69,39.62
889,302,44,1,31697.91,14.46
890,302,274,4,15302.43,27.47
891,303,353,5,46702.83,4.06
892,303,317,3,41520.53,14.68
893,303,125,1,17291.29,98.03
894,303,471,1,8032.72,63.67
895,304,217,2,49286.21,25.69
896,304,206,1,19185.73,43.34
897,304,12,1,27462.99,57.09
898,305,316,2,2176.37,4.88
899,305,264,5,13471.8,76.07
900,305,277,4,34795.09,68.89
901,306,142,1,25784.77,90.97
902,306,257,3,41749.06,40.72
903,307,401,4,40656.08,27.48
904,308,307,3,19247.13,22.48
905,308,405,3,8723.08,61.14
906,308,500,5,9099.8,58.79
907,308,326,5,39750.47,38.9
908,309,7,4,22468.93,85.44
909,309,176,4,48897.74,69.77
910,309,175,4,35896.17,3.23
911,309,164,5,47838.61,63.14
912,309,178,5,32330.31,8.31
913,310,190,4,47706.34,2.96
914,310,156,5,33722.94,62.43
915,310,150,5,19755.8,99.58
916,310,385,1,4742.03,28.39
917,310,162,4,30612.76,37.53
918,311,68,1,18898.32,21.83
919,311,194,1,22803.44,17.86
920,311,311,2,24799.0,98.44
921,311,486,4,13916.56,35.2
922,311,436,2,39979.81,59.92
923,312,395,1,35586.75,68.68
924,312,186,3,14821.71,53.25
925,312,323,2,49625.06,49.48
926,313,147,2,20222.38,17.76
927,313,423,-3,48031.88,82.99
928,313,474,4,45909.75,68.34
929,313,231,1,44152.32,65.31
930,314,211,5,46876.78,60.97
931,314,97,5,44300.94,59.96
932,314,326,4,39750.47,32.5
933,314,15,2,20749.3,62.55
934,315,488,-3,34069.71,60.13
935,316,283,2,12176.86,72.31
936,316,262,2,47063.03,93.71
937,316,443,2,2576.81,29.3
938,316,99,1,9636.06,46.12
939,317,351,4,39211.7,79.68
940,317,309,4,9436.22,11.12
941,318,429,2,46059.81,72.2
942,318,170,-1,14452.75,3.23
943,318,447,4,13323.72,99.55
944,318,472,4,26261.88,41.71
945,318,466,3,15222.44,53.73
946,319,332,4,38136.48,5.98
947,319,274,4,15302.43,72.52
948,319,366,1,39078.09,71.66
949,319,13,5,22740.4,44.0
950,319,225,1,30287.98,84.71
951,320,386,3,22977.06,33.98
952,320,406,2,44182.85,21.01
953,320,58,1,16984.52,69.37
954,320,370,4,5234.96,49.16
955,320,87,2,31634.55,34.24
956,321,170,3,14452.75,59.44
957,321,404,2,36249.1,28.84
958,321,231,2,44152.32,56.35
959,321,359,3,25614.1,71.58
960,322,325,3,31656.86,80.52
961,322,157,2,31500.1,29.23
962,322,244,4,26833.33,22.79
963,322,366,2,39078.09,14.84
964,322,226,1,29420.43,72.11
965,323,208,3,26909.2,58.71
966,323,245,5,33734.24,37.44
967,323,317,4,41520.53,87.08
968,323,461,4,39308.71,89.71
969,323,88,1,30779.0,6.48
970,324,159,2,26259.19,60.86
971,324,106,1,43514.86,35.65
972,325,292,1,15663.33,84.57
973,325,468,5,22211.22,74.14
974,325,327,3,34765.71,39.85
975,325,465,1,13502.36,50.74
976,326,284,5,49535.96,97.04
977,326,493,1,37071.85,52.29
978,326,274,2,15302.43,73.94
979,327,117,4,4480.76,97.94
980,327,354,3,27363.18,9.14
981,328,376,1,49072.55,13.25
982,328,426,3,28142.67,22.76
983,329,390,5,11757.2,5.11
984,329,298,1,30743.94,11.64
985,329,245,1,33734.24,9.99
986,329,238,5,27372.66,48.72
987,329,51,-5,18500.01,42.98
988,330,369,4,25030.54,19.48
989,331,387,5,31897.06,63.11
990,331,234,3,46744.44,51.42
991,331,1,3,6383.6,53.22
992,331,129,3,13795.11,56.13
993,331,209,3,48926.69,11.15
994,332,250,3,27679.8,50.95
995,332,4,4,39945.84,6.56
996,333,345,4,31441.19,68.7
997,333,156,2,33722.94,10.87
998,333,49,2,23499.16,50.18
999,333,474,3,45909.75,47.19
1000,334,475,5,25305.81,32.38
1001,334,313,2,11104.42,78.58
1002,334,108,2,18229.23,15.71
1003,335,243,3,27627.01,26.29
1004,335,335,3,44119.17,30.62
1005,335,305,3,5981.3,31.53
1006,335,404,3,36249.1,39.35
1007,335,214,-4,20173.04,94.0
1008,336,496,4,31756.4,80.54
1009,337,393,2,42638.86,71.67
1010,337,141,3,46694.2,2.37
1011,337,10,4,5487.3,32.57
1012,337,420,5,10153.07,79.75
1013,338,258,1,7083.53,32.55
1014,338,226,4,29420.43,59.29
1015,338,439,1,49265.28,39.01
1016,338,141,4,46694.2,98.69
1017,338,55,5,40567.24,10.14
1018,339,142,4,25784.77,11.1
1019,339,276,2,42989.47,7.4
1020,339,190,4,47706.34,87.4
1021,340,154,4,30863.37,57.27
1022,340,294,3,2329.68,81.73
1023,340,103,1,21587.3,76.99
1024,340,288,3,20040.93,36.12
1025,340,46,4,9943.86,21.48
1026,341,240,3,31572.01,67.77
1027,341,117,3,4480.76,74.77
1028,341,236,1,34273.85,64.22
1029,342,203,1,37315.64,6.03
1030,342,413,5,38365.42,56.57
1031,342,250,1,27679.8,87.31
1032,342,409,3,44244.16,49.2
1033,343,171,5,37392.19,55.83
1034,343,325,1,31656.86,79.86
1035,343,35,1,10640.58,46.84
1036,343,377,2,38699.02,76.71
1037,343,39,4,28830.38,46.57
1038,344,334,1,49592.73,57.52
1039,344,170,4,14452.75,69.26
1040,345,456,-3,4010.59,82.82
1041,345,11,-1,7501.86,32.24
1042,345,206,2,19185.73,22.29
1043,345,295,3,33889.25,65.36
1044,346,395,5,35586.75,89.32
1045,346,421,5,40140.98,77.3
1046,347,158,-1,38830.49,60.19
1047,347,93,1,5272.83,54.01
1048,348,168,3,46691.65,65.82
1049,349,156,4,33722.94,23.3
1050,349,84,2,7561.03,2.73
1051,350,64,1,25473.58,74.39
1052,350,428,2,189.72,44.68
1053,350,486,4,13916.56,77.1
1054,350,193,5,14822.38,9.29
1055,351,260,5,38473.38,12.17
1056,351,468,2,22211.22,48.91
1057,352,184,2,9721.29,79.98
1058,352,384,3,11984.56,50.87
1059,352,163,-4,10446.35,38.0
1060,352,213,4,29737.81,85.75
1061,352,98,3,40788.76,31.0
1062,353,223,3,10246.5,70.12
1063,354,449,3,13243.7,89.73
1064,354,242,1,30864.32,24.9
1065,354,9,-5,48204.91,51.86
1066,354,488,2,34069.71,76.23
1067,355,306,2,7153.79,66.1
1068,356,317,2,41520.53,17.46
1069,356,213,5,29737.81,74.2
1070,356,422,2,35264.35,92.5
1071,357,16,2,15696.16,62.53
1072,357,255,3,15792.79,2.85
1073,358,170,1,14452.75,3.42
1074,359,468,1,22211.22,76.25
1075,359,209,5,48926.69,10.01
1076,360,460,4,28373.04,11.24
1077,360,115,4,10807.06,41.51
1078,360,48,5,28268.14,85.69
1079,361,160,4,28671.26,90.29
1080,362,166,5,14022.42,61.36
1081,362,337,1,8359.7,74.87
1082,363,101,2,44742.41,8.22
1083,363,65,1,10788.21,28.23
1084,363,113,5,14006.62,22.62
1085,363,264,2,13471.8,30.11
1086,363,67,4,41772.48,51.99
1087,364,453,3,19800.74,66.12
1088,364,137,5,49402.37,85.07
1089,364,390,4,11757.2,79.42
1090,364,461,-2,39308.71,63.46
1091,364,68,2,18898.32,32.25
1092,365,247,5,4043.06,99.27
1093,365,248,4,34892.09,54.59
1094,365,440,1,8333.36,65.55
1095,365,177,5,43932.14,33.73
1096,365,97,2,44300.94,80.7
1097,366,396,1,15012.15,34.24
1098,366,282,5,42404.62,78.2
1099,366,234,4,46744.44,96.48
1100,366,340,2,17244.35,97.51
1101,367,62,5,19658.7,12.63
1102,368,158,5,38830.49,8.3
1103,368,232,5,42002.59,82.0
1104,368,224,5,36256.78,84.0
1105,369,398,2,39711.11,35.39
1106,369,9,5,48204.91,56.29
1107,370,269,5,19451.2,94.72
1108,370,25,5,38144.23,15.87
1109,370,410,2,18019.69,85.89
1110,370,273,2,12404.84,75.11
1111,370,186,2,14821.71,95.51
1112,371,440,4,8333.36,90.1
1113,371,104,4,16463.2,46.8
1114,371,143,2,47267.12,30.0
1115,371,26,1,7248.25,55.58
1116,372,107,5,39594.74,6.68
1117,372,473,4,10116.27,48.09
1118,372,376,2,49072.55,80.7
1119,373,201,2,22894.24,39.1
1120,373,403,2,47119.8,35.04
1121,374,494,3,17828.64,40.14
1122,374,486,5,13916.56,15.18
1123,375,73,-3,28563.93,11.73
1124,375,345,3,31441.19,77.17
1125,375,142,5,25784.77,66.04
1126,375,390,3,11757.2,54.13
1127,376,233,3,28169.98,94.95
1128,376,79,1,20803.36,89.11
1129,376,37,1,35213.2,42.59
1130,376,451,2,37847.2,69.14
1131,376,387,4,31897.06,22.46
1132,377,46,5,9943.86,86.51
1133,378,446,4,15486.83,96.32
1134,378,436,4,39979.81,10.52
1135,379,432,3,10563.25,64.03
1136,379,371,3,2297.49,83.63
1137,379,376,3,49072.55,10.11
1138,380,125,5,17291.29,26.58
1139,380,300,4,40455.62,83.74
1140,380,254,4,34252.99,87.04
1141,380,114,4,25935.49,10.78
1142,381,295,1,33889.25,76.4
1143,382,298,5,30743.94,39.37
1144,382,345,1,31441.19,78.81
1145,382,364,4,35104.83,52.28
1146,383,417,4,47383.18,2.56
1147,383,413,5,38365.42,63.05
1148,383,322,3,28679.51,92.07
1149,383,382,1,43872.21,84.94
1150,384,184,3,9721.29,96.56
1151,384,420,3,10153.07,4.78
1152,384,350,4,10351.74,63.48
1153,385,108,5,18229.23,74.07
1154,385,286,3,40633.62,17.21
1155,386,439,5,49265.28,80.52
1156,386,46,2,9943.86,30.58
1157,386,171,1,37392.19,31.29
1158,386,181,4,37475.26,75.66
1159,387,136,4,17075.61,80.59
1160,387,439,3,49265.28,95.93
1161,388,9,5,48204.91,50.61
1162,388,58,5,16984.52,55.99
1163,388,98,2,40788.76,69.56
1164,389,48,5,28268.14,66.32
1165,389,47,3,31434.64,34.02
1166,390,204,4,3281.62,95.61
1167,390,69,3,40471.28,97.07
1168,390,472,3,26261.88,44.25
1169,391,126,5,43423.76,99.27
1170,392,254,2,34252.99,98.33
1171,393,449,4,13243.7,21.6
1172,393,116,1,42656.03,96.46
1173,394,248,5,34892.09,19.22
1174,394,430,2,37292.63,58.09
1175,394,225,5,30287.98,97.91
1176,394,213,3,29737.81,98.19
1177,394,285,3,46027.57,36.45
1178,395,164,3,47838.61,69.32
1179,395,277,3,34795.09,98.63
1180,396,408,5,4477.31,98.1
1181,396,276,5,42989.47,53.54
1182,397,414,5,12133.52,34.83
1183,398,421,1,40140.98,43.79
1184,398,115,5,10807.06,95.32
1185,398,239,-2,42350.2,44.85
1186,398,138,1,25797.51,47.66
1187,398,295,2,33889.25,35.44
1188,399,292,1,15663.33,49.08
1189,399,130,2,29631.24,21.52
1190,399,486,4,13916.56,69.72
1191,400,170,5,14452.75,14.42
1192,400,120,5,49258.11,58.69
1193,400,292,1,15663.33,5.3
1194,401,301,1,26890.76,52.98
1195,401,62,2,19658.7,24.88
1196,401,397,5,27842.09,98.96
1197,402,16,4,15696.16,33.18
1198,402,333,1,23033.13,57.4
1199,403,413,4,38365.42,34.33
1200,403,209,1,48926.69,17.74
1201,403,196,4,43669.44,49.97
1202,403,357,2,38378.79,20.06
1203,404,332,3,38136.48,9.4
1204,404,325,-3,31656.86,60.62
1205,404,42,5,12241.49,37.31
1206,405,1,-5,6383.6,32.69
1207,405,494,-3,17828.64,90.51
1208,406,192,2,20330.29,49.82
1209,406,440,5,8333.36,34.52
1210,406,36,2,485.72,57.4
1211,406,490,4,28644.92,87.97
1212,406,89,2,4372.14,81.44
1213,407,16,5,15696.16,79.36
1214,407,319,1,11923.61,31.17
1215,407,20,3,33300.49,68.3
1216,407,479,5,10415.88,90.02
1217,408,99,3,9636.06,92.86
1218,408,309,5,9436.22,78.41
1219,408,80,1,4172.11,6.55
1220,408,314,2,8493.63,23.95
1221,409,97,3,44300.94,98.23
1222,409,407,4,32399.19,90.97
1223,409,207,5,33123.45,51.98
1224,409,22,3,42379.01,56.3
1225,410,268,2,27755.57,13.55
1226,410,202,2,15477.66,62.63
1227,410,388,4,21805.65,8.24
1228,410,280,1,28236.14,32.15
1229,410,330,4,21539.19,30.59
1230,411,395,1,35586.75,4.16
1231,411,351,1,39211.7,58.75
1232,411,358,5,26929.0,64.09
1233,412,274,1,15302.43,30.29
1234,413,181,5,37475.26,82.54
1235,413,494,4,17828.64,52.4
1236,414,261,1,39199.05,9.87
1237,414,190,2,47706.34,71.24
1238,415,366,2,39078.09,57.11
1239,416,8,1,47276.24,0.47
1240,416,24,2,41490.09,91.52
1241,416,473,3,10116.27,98.71
1242,416,196,2,43669.44,83.78
1243,416,106,1,43514.86,59.88
1244,417,343,5,40687.06,90.21
1245,417,133,3,31985.66,87.87
1246,417,452,3,20989.74,1.02
1247,417,473,4,10116.27,84.26
1248,417,217,2,49286.21,48.82
1249,418,6,4,2714.71,68.95
1250,418,321,1,14126.14,11.53
1251,418,355,4,3469.88,53.69
1252,418,203,2,37315.64,25.65
1253,418,22,4,42379.01,28.64
1254,419,134,2,24198.95,55.47
1255,419,56,4,2053.19,51.82
1256,419,390,1,11757.2,10.93
1257,419,62,2,19658.7,38.81
1258,419,203,1,37315.64,80.64
1259,420,224,3,36256.78,14.28
1260,420,316,5,2176.37,66.29
1261,421,393,3,42638.86,1.42
1262,421,499,2,28513.24,95.04
1263,421,97,2,44300.94,20.06
1264,421,394,1,35264.77,15.31
1265,421,108,3,18229.23,22.52
1266,422,172,-4,28144.7,44.05
1267,422,337,2,8359.7,28.78
1268,423,74,3,25195.04,68.48
1269,423,281,4,35447.52,1.75
1270,424,371,3,2297.49,14.35
1271,424,478,1,2577.59,0.59
1272,425,289,1,13011.04,76.87
1273,426,439,2,49265.28,3.52
1274,427,38,4,2210.88,64.48
1275,427,11,3,7501.86,38.68
1276,427,333,2,23033.13,61.26
1277,427,422,3,35264.35,63.67
1278,427,467,4,48627.58,15.31
1279,428,451,2,37847.2,38.85
1280,428,185,3,32449.44,36.81
1281,428,115,1,10807.06,29.99
1282,428,74,1,25195.04,71.07
1283,428,147,5,20222.38,98.75
1284,429,431,3,44277.48,40.58
1285,429,321,4,14126.14,45.23
1286,430,238,4,27372.66,52.99
1287,430,187,2,44862.43,19.1
1288,430,173,2,29382.84,72.93
1289,430,167,5,35274.56,46.34
1290,431,192,4,20330.29,10.87
1291,431,330,4,21539.19,83.29
1292,431,158,5,38830.49,19.94
1293,431,110,3,38947.92,15.67
1294,432,480,-4,45584.62,20.65
1295,432,265,5,18098.94,27.33
1296,432,222,5,28163.06,64.12
1297,432,93,5,5272.83,19.78
1298,433,163,2,10446.35,48.67
1299,433,240,5,31572.01,61.23
1300,433,126,1,43423.76,78.7
1301,433,445,-1,10426.95,92.02
1302,434,170,1,14452.75,90.18
1303,435,381,2,20560.8,6.6
1304,435,78,5,21929.88,58.34
1305,436,244,3,26833.33,80.23
1306,436,174,2,11361.02,15.2
1307,436,361,4,47676.06,91.02
1308,436,90,4,39341.98,55.23
1309,437,359,2,25614.1,66.39
1310,437,144,2,2528.04,9.71
1311,437,354,1,27363.18,38.09
1312,437,435,4,18829.84,76.71
1313,438,353,5,46702.83,44.73
1314,438,419,1,11018.57,94.66
1315,438,186,5,14821.71,33.98
1316,438,477,1,17278.03,6.89
1317,438,226,2,29420.43,67.74
1318,439,57,2,8021.44,32.07
1319,439,479,1,10415.88,98.36
1320,440,9,4,48204.91,36.52
1321,440,319,3,11923.61,28.02
1322,440,457,5,29792.88,2.34
1323,440,303,3,19687.95,5.2
1324,441,359,3,25614.1,43.29
1325,441,157,1,31500.1,99.51
1326,442,338,1,11783.78,97.82
1327,442,42,-5,12241.49,57.37
1328,442,171,3,37392.19,90.45
1329,442,283,4,12176.86,69.53
1330,443,357,3,38378.79,85.36
1331,443,193,4,14822.38,34.21
1332,443,172,3,28144.7,55.24
1333,444,145,4,32747.58,8.48
1334,444,137,3,49402.37,89.58
1335,444,43,1,37315.66,80.62
1336,444,468,1,22211.22,17.71
1337,445,79,5,20803.36,77.89
1338,446,5,1,39520.23,34.11
1339,447,37,4,35213.2,33.09
1340,447,80,1,4172.11,5.62
1341,447,299,2,322.06,74.61
1342,447,321,1,14126.14,71.83
1343,447,495,-1,29319.98,79.16
1344,448,108,1,18229.23,62.55
1345,448,26,2,7248.25,19.73
1346,449,310,3,24281.99,59.18
1347,449,362,1,21780.73,50.76
1348,449,96,1,22938.21,19.77
1349,449,241,2,22854.88,57.54
1350,450,359,1,25614.1,84.86
1351,450,64,2,25473.58,63.53
1352,451,152,3,16718.73,25.09
1353,451,308,3,45966.13,53.06
1354,451,212,3,38326.07,16.13
1355,451,260,1,38473.38,34.42
1356,451,328,1,223.41,81.77
1357,452,346,-4,43012.13,74.43
1358,453,164,5,47838.61,91.45
1359,454,348,3,7077.53,74.22
1360,454,492,4,8582.33,30.02
1361,454,34,4,49223.84,99.91
1362,454,292,2,15663.33,17.06
1363,454,135,3,3089.66,88.0
1364,455,473,4,10116.27,89.91
1365,455,408,4,4477.31,73.79
1366,455,434,4,48458.18,2.45
1367,456,404,4,36249.1,63.22
1368,456,163,4,10446.35,43.44
1369,457,78,2,21929.88,1.64
1370,457,304,4,30906.4,33.73
1371,458,255,4,15792.79,82.98
1372,459,143,4,47267.12,94.73
1373,459,117,2,4480.76,66.58
1374,459,98,3,40788.76,6.69
1375,459,250,3,27679.8,60.78
1376,459,311,2,24799.0,94.33
1377,460,214,1,20173.04,63.15
1378,460,252,3,48694.6,68.41
1379,461,314,5,8493.63,72.48
1380,461,63,2,39603.93,97.04
1381,461,307,-1,19247.13,37.0
1382,461,67,2,41772.48,32.62
1383,462,466,3,15222.44,90.18
1384,462,447,4,13323.72,55.5
1385,463,407,2,32399.19,78.16
1386,463,170,5,14452.75,22.89
1387,463,358,5,26929.0,81.33
1388,463,100,2,6311.3,46.98
1389,463,462,1,24330.68,88.07
1390,464,385,1,4742.03,46.27
1391,464,76,3,18623.48,38.96
1392,464,320,2,39263.98,27.62
1393,464,165,2,38622.29,77.78
1394,465,127,3,8182.15,62.07
1395,465,115,5,10807.06,27.28
1396,465,325,3,31656.86,31.42
1397,465,2,5,10875.97,81.07
1398,466,491,5,34347.27,29.56
1399,466,473,1,10116.27,19.49
1400,467,145,1,32747.58,20.42
1401,467,128,-3,42312.09,65.16
1402,467,405,4,8723.08,46.49
1403,467,193,2,14822.38,38.2
1404,467,217,2,49286.21,75.85
1405,468,480,3,45584.62,19.78
1406,469,233,3,28169.98,12.39
1407,469,146,3,5464.1,36.88
1408,469,84,3,7561.03,37.5
1409,469,301,1,26890.76,64.63
1410,469,66,4,7831.76,61.31
1411,470,330,3,21539.19,75.65
1412,471,453,5,19800.74,71.73
1413,472,255,1,15792.79,10.23
1414,472,33,2,33956.46,23.5
1415,473,498,1,42726.56,75.09
1416,473,183,4,27210.69,6.22
1417,473,174,4,11361.02,39.6
1418,474,281,1,35447.52,44.85
1419,474,422,1,35264.35,86.87
1420,475,123,-5,35971.6,64.29
1421,475,29,2,38864.1,4.22
1422,476,487,2,12091.07,32.3
1423,476,79,-4,20803.36,76.55
1424,477,13,4,22740.4,4.01
1425,477,343,5,40687.06,22.95
1426,477,366,-4,39078.09,70.18
1427,477,357,5,38378.79,50.91
1428,478,204,2,3281.62,91.52
1429,478,109,5,33936.63,55.63
1430,479,199,5,22147.84,19.58
1431,479,82,3,45878.07,65.05
1432,479,428,-4,189.72,60.34
1433,479,104,5,16463.2,20.46
1434,479,387,1,31897.06,80.46
1435,480,103,5,21587.3,29.86
1436,480,389,2,15818.94,81.79
1437,481,238,2,27372.66,88.44
1438,481,28,3,22736.92,2.38
1439,481,332,1,38136.48,18.09
1440,482,106,4,43514.86,45.79
1441,482,256,4,46450.86,16.53
1442,482,485,4,24138.75,59.67
1443,483,40,1,1140.74,85.27
1444,483,316,5,2176.37,1.12
1445,484,477,4,17278.03,56.81
1446,484,1,2,6383.6,36.8
1447,484,156,2,33722.94,74.18
1448,485,39,1,28830.38,3.5
1449,485,144,1,2528.04,26.27
1450,485,214,2,20173.04,63.67
1451,486,451,4,37847.2,11.26
1452,487,234,5,46744.44,27.31
1453,487,446,1,15486.83,47.97
1454,488,111,4,1716.03,2.99
1455,488,34,4,49223.84,46.57
1456,489,499,5,28513.24,65.66
1457,489,7,3,22468.93,71.89
1458,490,411,1,19480.23,96.32
1459,490,137,2,49402.37,44.8
1460,491,333,1,23033.13,83.54
1461,492,287,2,17814.94,74.25
1462,492,488,3,34069.71,59.8
1463,492,360,4,29363.21,54.46
1464,492,251,3,25042.93,37.13
1465,493,277,3,34795.09,58.02
1466,493,75,3,7006.09,34.74
1467,493,165,3,38622.29,67.27
1468,493,377,4,38699.02,40.78
1469,493,328,4,223.41,25.32
1470,494,171,3,37392.19,45.08
1471,494,474,5,45909.75,16.43
1472,495,176,5,48897.74,98.27
1473,496,307,5,19247.13,74.48
1474,496,175,5,35896.17,81.63
1475,497,423,4,48031.88,41.9
1476,497,355,1,3469.88,54.4
1477,498,54,5,16144.19,16.47
1478,498,295,2,33889.25,78.77
1479,498,3,4,29839.48,73.19
1480,498,131,3,45109.84,39.5
1481,498,479,4,10415.88,35.11
1482,499,353,4,46702.83,69.39
1483,499,385,2,4742.03,89.32
1484,499,55,5,40567.24,49.52
1485,499,116,1,42656.03,30.66
1486,500,156,1,33722.94,19.1
1487,500,423,1,48031.88,12.11
1488,500,108,2,18229.23,68.05
1489,500,278,1,48439.39,95.1
1490,501,484,1,33151.54,30.02
1491,501,184,4,9721.29,30.38
1492,501,339,5,3989.14,47.84
1493,501,207,5,33123.45,67.91
1494,502,256,3,46450.86,25.58
1495,503,441,5,10356.97,42.27
1496,503,409,5,44244.16,35.11
1497,503,197,4,18153.06,38.0
1498,503,386,4,22977.06,8.68
1499,504,279,2,16361.72,71.56
1500,504,48,1,28268.14,74.91
1501,504,43,2,37315.66,46.93
1502,505,159,4,26259.19,41.06
1503,505,283,1,12176.86,59.34
1504,505,398,1,39711.11,44.44
1505,506,93,4,5272.83,53.57
1506,506,238,1,27372.66,11.77
1507,506,141,5,46694.2,90.23
1508,506,357,3,38378.79,3.98
1509,506,290,5,38639.88,10.97
1510,507,496,1,31756.4,48.62
1511,507,429,1,46059.81,74.45
1512,508,396,1,15012.15,22.34
1513,508,193,5,14822.38,22.87
1514,509,414,1,12133.52,13.92
1515,509,359,5,25614.1,43.81
1516,509,486,3,13916.56,43.0
1517,509,467,5,48627.58,36.83
1518,510,55,4,40567.24,42.23
1519,510,215,1,49674.82,87.78
1520,510,243,3,27627.01,50.71
1521,510,18,2,4752.18,87.55
1522,510,143,-1,47267.12,8.64
1523,511,341,4,3634.33,54.59
1524,511,101,5,44742.41,6.68
1525,512,299,1,322.06,23.22
1526,512,212,2,38326.07,74.66
1527,513,6,1,2714.71,66.59
1528,513,191,5,34669.15,30.33
1529,513,31,2,24334.52,24.37
1530,513,262,4,47063.03,18.87
1531,514,245,2,33734.24,63.34
1532,514,246,5,12124.34,7.09
1533,514,110,2,38947.92,14.54
1534,514,51,1,18500.01,98.99
1535,515,290,2,38639.88,75.34
1536,516,481,3,40273.77,75.24
1537,516,116,1,42656.03,78.06
1538,516,424,1,15158.08,72.65
1539,517,201,2,22894.24,12.73
1540,517,231,5,44152.32,50.95
1541,517,311,4,24799.0,75.54
1542,518,124,5,48621.75,77.31
1543,518,307,4,19247.13,41.73
1544,519,44,1,31697.91,39.33
1545,519,361,4,47676.06,98.67
1546,519,457,3,29792.88,53.53
1547,519,398,3,39711.11,85.54
1548,519,75,4,7006.09,38.61
1549,520,356,5,47439.13,57.4
1550,520,287,4,17814.94,69.14
1551,520,473,3,10116.27,61.64
1552,520,350,1,10351.74,26.82
1553,520,310,3,24281.99,59.44
1554,521,161,3,20997.14,56.6
1555,521,475,3,25305.81,19.18
1556,522,266,3,38091.19,42.38
1557,522,347,2,29519.74,89.06
1558,522,211,2,46876.78,68.83
1559,523,352,5,25029.17,20.45
1560,523,186,4,14821.71,17.34
1561,524,327,5,34765.71,83.04
1562,524,127,2,8182.15,80.96
1563,524,106,3,43514.86,48.43
1564,525,478,5,2577.59,25.47
1565,525,291,1,14842.07,96.65
1566,525,236,5,34273.85,0.33
1567,526,416,3,15968.42,45.48
1568,526,479,5,10415.88,27.71
1569,527,216,4,33659.34,47.64
1570,527,102,4,24926.42,13.97
1571,527,137,1,49402.37,80.13
1572,527,27,1,48593.33,7.03
1573,527,219,1,48617.28,26.84
1574,528,474,4,45909.75,89.13
1575,529,31,3,24334.52,24.07
1576,529,6,2,2714.71,57.06
1577,529,58,3,16984.52,35.36
1578,529,173,2,29382.84,55.37
1579,529,320,3,39263.98,17.18
1580,530,105,2,21363.19,74.05
1581,530,278,3,48439.39,12.46
1582,530,316,2,2176.37,22.1
1583,530,9,4,48204.91,89.19
1584,531,144,1,2528.04,30.85
1585,531,55,5,40567.24,84.96
1586,532,110,1,38947.92,44.41
1587,532,119,2,35040.94,38.45
1588,532,52,5,42779.14,2.3
1589,532,434,3,48458.18,67.33
1590,533,405,-3,8723.08,50.76
1591,533,449,4,13243.7,60.66
1592,533,269,3,19451.2,7.74
1593,533,176,4,48897.74,40.4
1594,534,161,4,20997.14,71.49
1595,534,181,2,37475.26,87.77
1596,535,352,5,25029.17,69.76
1597,536,366,5,39078.09,38.1
1598,536,410,4,18019.69,44.53
1599,536,12,4,27462.99,25.49
1600,536,200,2,22329.59,91.16
1601,537,246,2,12124.34,64.5
1602,537,81,5,41974.9,19.57
1603,537,87,1,31634.55,36.46
1604,538,47,2,31434.64,69.53
1605,538,363,1,32936.81,52.53
1606,539,232,2,42002.59,27.85
1607,539,77,2,38179.53,31.16
1608,539,151,5,25505.21,87.18
1609,540,27,2,48593.33,47.02
1610,540,294,4,2329.68,23.62
1611,540,336,2,18085.73,7.7
1612,540,401,1,40656.08,78.31
1613,540,402,5,22227.22,46.25
1614,541,371,5,2297.49,24.56
1615,541,92,1,39447.15,17.18
1616,541,79,3,20803.36,2.07
1617,542,459,1,43685.97,84.65
1618,542,30,2,30930.13,83.43
1619,542,202,5,15477.66,46.24
1620,542,70,4,33850.51,10.99
1621,542,86,2,22909.97,60.6
1622,543,35,4,10640.58,28.72
1623,544,410,5,18019.69,40.39
1624,544,251,5,25042.93,64.74
1625,544,347,5,29519.74,60.55
1626,544,387,4,31897.06,52.35
1627,544,203,4,37315.64,85.79
1628,545,413,2,38365.42,99.47
1629,545,19,3,29364.61,90.42
1630,546,193,3,14822.38,75.03
1631,546,154,2,30863.37,63.85
1632,546,192,2,20330.29,59.04
1633,546,13,2,22740.4,30.2
1634,547,73,2,28563.93,25.29
1635,547,9,4,48204.91,46.52
1636,548,238,4,27372.66,24.54
1637,548,67,2,41772.48,92.27
1638,549,192,4,20330.29,88.7
1639,549,28,4,22736.92,29.4
1640,549,180,5,8871.86,4.05
1641,550,35,3,10640.58,16.59
1642,550,181,1,37475.26,71.11
1643,550,170,3,14452.75,50.95
1644,550,100,5,6311.3,44.84
1645,551,409,3,44244.16,28.49
1646,551,314,1,8493.63,58.56
1647,551,236,4,34273.85,43.34
1648,552,19,5,29364.61,99.86
1649,552,342,2,5249.76,37.79
1650,552,400,4,31551.85,63.52
1651,552,281,2,35447.52,91.5
1652,552,374,1,45801.15,27.58
1653,553,22,-3,42379.01,13.29
1654,553,23,4,28747.59,41.76
1655,554,219,5,48617.28,91.61
1656,554,281,1,35447.52,16.34
1657,555,136,4,17075.61,21.91
1658,556,474,4,45909.75,66.94
1659,556,345,3,31441.19,97.95
1660,557,490,5,28644.92,81.44
1661,557,133,3,31985.66,32.65
1662,557,296,2,8090.77,83.54
1663,557,286,5,40633.62,27.9
1664,558,399,1,49130.11,27.22
1665,558,460,5,28373.04,97.28
1666,558,126,4,43423.76,59.17
1667,558,116,3,42656.03,14.8
1668,558,418,2,8860.28,21.9
1669,559,238,2,27372.66,69.74
1670,559,464,5,16641.55,74.25
1671,560,291,2,14842.07,48.12
1672,560,170,1,14452.75,92.61
1673,560,154,1,30863.37,81.51
1674,560,42,2,12241.49,97.84
1675,561,481,3,40273.77,87.91
1676,561,190,4,47706.34,39.63
1677,561,61,2,7157.28,84.95
1678,562,125,2,17291.29,59.8
1679,562,313,5,11104.42,8.29
1680,562,412,1,1562.24,73.74
1681,563,277,4,34795.09,93.44
1682,563,220,2,7545.96,0.21
1683,564,17,3,34372.37,36.68
1684,564,69,3,40471.28,8.75
1685,565,458,3,19928.01,99.63
1686,565,159,1,26259.19,61.44
1687,566,405,4,8723.08,49.04
1688,566,88,3,30779.0,61.54
1689,567,37,1,35213.2,85.24
1690,567,426,2,28142.67,69.99
1691,567,314,1,8493.63,22.38
1692,567,146,3,5464.1,85.22
1693,567,71,2,37451.97,81.03
1694,568,488,3,34069.71,81.46
1695,568,261,4,39199.05,23.51
1696,568,157,3,31500.1,21.05
1697,569,77,1,38179.53,87.51
1698,569,361,2,47676.06,44.89
1699,569,80,2,4172.11,28.25
1700,569,19,3,29364.61,57.93
1701,570,223,5,10246.5,30.25
1702,570,210,2,11560.24,65.62
1703,570,63,3,39603.93,19.15
1704,570,477,1,17278.03,84.11
1705,571,200,4,22329.59,96.66
1706,571,96,3,22938.21,81.58
1707,571,417,4,47383.18,95.81
1708,572,445,2,10426.95,41.58
1709,572,359,4,25614.1,33.46
1710,572,95,1,9195.67,24.0
1711,572,4,5,39945.84,27.79
1712,572,446,2,15486.83,41.79
1713,573,324,3,16172.63,80.02
1714,574,173,4,29382.84,96.93
1715,574,2,2,10875.97,33.25
1716,574,54,5,16144.19,39.07
1717,575,303,1,19687.95,71.91
1718,575,314,5,8493.63,99.68
1719,575,475,4,25305.81,33.26
1720,575,101,4,44742.41,96.51
1721,575,223,1,10246.5,87.82
1722,576,469,2,32313.19,83.48
1723,576,453,2,19800.74,30.03
1724,576,312,1,24486.11,66.84
1725,576,293,5,23860.51,26.54
1726,577,118,4,27154.35,0.23
1727,577,21,1,17647.14,80.24
1728,577,114,3,25935.49,89.95
1729,577,488,-4,34069.71,86.85
1730,577,421,3,40140.98,66.33
1731,578,298,5,30743.94,11.59
1732,578,110,2,38947.92,38.9
1733,578,274,3,15302.43,65.61
1734,578,339,1,3989.14,7.97
1735,579,485,1,24138.75,93.11
1736,579,246,3,12124.34,29.23
1737,580,213,4,29737.81,16.39
1738,580,83,1,30805.88,28.88
1739,580,464,5,16641.55,63.9
1740,581,80,1,4172.11,0.33
1741,582,34,3,49223.84,11.34
1742,582,399,4,49130.11,50.05
1743,583,239,5,42350.2,8.33
1744,583,262,1,47063.03,38.79
1745,583,63,2,39603.93,25.03
1746,583,247,1,4043.06,62.03
1747,583,343,1,40687.06,16.23
1748,584,83,5,30805.88,99.11
1749,584,268,-3,27755.57,85.35
1750,584,418,4,8860.28,51.24
1751,585,109,4,33936.63,74.77
1752,585,86,1,22909.97,74.47
1753,585,98,4,40788.76,45.79
1754,585,318,3,17493.99,19.91
1755,586,19,4,29364.61,57.09
1756,587,341,3,3634.33,41.55
1757,588,497,3,43388.14,8.52
1758,589,305,5,5981.3,11.65
1759,590,243,5,27627.01,72.59
1760,590,254,3,34252.99,81.08
1761,591,126,4,43423.76,85.87
1762,591,160,1,28671.26,66.48
1763,591,275,2,43123.7,81.57
1764,592,144,4,2528.04,97.51
1765,592,175,3,35896.17,30.84
1766,593,209,3,48926.69,71.18
1767,593,12,2,27462.99,60.29
1768,593,14,1,32770.18,9.52
1769,594,394,1,35264.77,21.23
1770,594,171,1,37392.19,27.65
1771,594,163,5,10446.35,91.3
1772,595,416,5,15968.42,87.03
1773,596,153,4,25823.74,4.07
1774,596,465,4,13502.36,33.33
1775,596,283,1,12176.86,9.43
1776,596,337,-5,8359.7,89.14
1777,596,52,1,42779.14,36.11
1778,597,55,5,40567.24,24.76
1779,597,136,3,17075.61,64.85
1780,597,82,5,45878.07,10.39
1781,597,303,1,19687.95,72.87
1782,597,482,2,42594.15,95.73
1783,598,123,3,35971.6,72.99
1784,598,209,2,48926.69,23.79
1785,598,3,4,29839.48,66.69
1786,598,349,2,30040.39,29.27
1787,598,268,2,27755.57,59.08
1788,599,148,1,9813.3,25.5
1789,599,138,5,25797.51,97.78
1790,599,128,4,42312.09,74.68
1791,599,316,2,2176.37,81.44
1792,599,439,5,49265.28,67.1
1793,600,365,2,39171.06,74.49
1794,600,21,1,17647.14,13.3
1795,601,142,1,25784.77,65.19
1796,601,492,1,8582.33,1.38
1797,602,175,2,35896.17,14.7
1798,603,445,3,10426.95,41.11
1799,604,349,2,30040.39,35.32
1800,604,141,2,46694.2,94.91
1801,604,228,4,5954.08,0.31
1802,604,340,4,17244.35,78.14
1803,604,104,1,16463.2,52.43
1804,605,212,3,38326.07,27.93
1805,605,57,4,8021.44,47.32
1806,606,34,2,49223.84,68.84
1807,606,301,3,26890.76,96.35
1808,606,233,3,28169.98,22.06
1809,606,179,-2,36183.57,23.44
1810,606,156,4,33722.94,98.65
1811,607,261,3,39199.05,52.2
1812,607,329,1,17975.31,65.83
1813,607,479,3,10415.88,2.03
1814,607,75,5,7006.09,10.71
1815,607,57,3,8021.44,24.43
1816,608,439,5,49265.28,62.75
1817,608,315,-5,28678.43,95.86
1818,608,295,3,33889.25,76.97
1819,608,410,4,18019.69,0.15
1820,608,474,2,45909.75,73.26
1821,609,129,5,13795.11,40.2
1822,609,357,5,38378.79,35.69
1823,609,412,4,1562.24,19.63
1824,609,140,2,47274.71,85.78
1825,610,242,5,30864.32,22.76
1826,610,389,-5,15818.94,7.63
1827,610,124,5,48621.75,23.13
1828,611,105,4,21363.19,99.6
1829,612,53,5,39611.71,13.57
1830,613,112,1,38177.92,1.17
1831,613,190,5,47706.34,99.13
1832,614,456,3,4010.59,61.18
1833,614,231,1,44152.32,79.11
1834,614,458,5,19928.01,93.83
1835,614,108,2,18229.23,68.9
1836,614,48,5,28268.14,75.73
1837,615,475,4,25305.81,21.64
1838,616,455,5,49219.96,92.48
1839,616,170,-3,14452.75,69.64
1840,616,52,3,42779.14,55.63
1841,616,46,-2,9943.86,9.75
1842,617,11,2,7501.86,4.52
1843,617,342,2,5249.76,20.91
1844,617,141,2,46694.2,6.13
1845,617,99,4,9636.06,13.45
1846,617,89,1,4372.14,72.41
1847,618,322,3,28679.51,43.18
1848,618,388,1,21805.65,15.91
1849,618,451,-4,37847.2,37.45
1850,619,90,1,39341.98,15.75
1851,619,351,1,39211.7,10.84
1852,619,432,2,10563.25,16.62
1853,619,458,5,19928.01,88.38
1854,619,216,5,33659.34,93.21
1855,620,169,5,27205.22,56.73
1856,620,454,4,40042.47,61.09
1857,620,232,4,42002.59,26.02
1858,620,81,2,41974.9,79.83
1859,620,425,1,39612.94,29.55
1860,621,239,1,42350.2,12.68
1861,621,475,1,25305.81,70.03
1862,621,47,1,31434.64,39.46
1863,621,448,5,18533.14,81.67
1864,621,298,1,30743.94,53.9
1865,622,410,2,18019.69,50.84
1866,622,65,5,10788.21,7.42
1867,623,283,1,12176.86,33.21
1868,623,43,2,37315.66,4.4
1869,623,174,4,11361.02,20.53
1870,623,269,2,19451.2,8.94
1871,623,276,2,42989.47,7.14
1872,624,42,2,12241.49,99.28
1873,624,378,-3,497.66,76.55
1874,624,390,1,11757.2,69.09
1875,624,165,1,38622.29,16.49
1876,624,236,5,34273.85,68.8
1877,625,488,5,34069.71,5.72
1878,625,413,-5,38365.42,14.98
1879,625,51,3,18500.01,67.22
1880,625,225,5,30287.98,75.25
1881,626,82,2,45878.07,57.64
1882,626,44,4,31697.91,52.22
1883,626,280,1,28236.14,82.44
1884,627,257,1,41749.06,46.89
1885,627,319,5,11923.61,2.63
1886,627,404,5,36249.1,66.2
1887,628,194,3,22803.44,72.39
1888,628,177,3,43932.14,40.52
1889,629,63,3,39603.93,99.07
1890,629,121,3,27745.67,36.62
1891,629,212,2,38326.07,37.53
1892,629,77,1,38179.53,3.94
1893,629,409,4,44244.16,20.79
1894,630,309,4,9436.22,78.65
1895,630,439,1,49265.28,77.86
1896,630,315,5,28678.43,6.45
1897,630,286,3,40633.62,92.81
1898,631,130,5,29631.24,73.85
1899,631,428,3,189.72,25.87
1900,631,271,2,13493.5,47.36
1901,631,64,2,25473.58,37.81
1902,632,271,1,13493.5,24.22
1903,632,332,1,38136.48,40.01
1904,633,372,5,19210.68,66.7
1905,633,88,3,30779.0,15.86
1906,633,268,2,27755.57,75.65
1907,634,189,5,440.82,10.41
1908,634,370,3,5234.96,87.34
1909,635,150,2,19755.8,75.03
1910,635,485,3,24138.75,4.23
1911,635,324,4,16172.63,72.11
1912,635,200,3,22329.59,68.32
1913,636,99,1,9636.06,46.98
1914,636,492,3,8582.33,27.98
1915,636,444,3,21437.54,96.0
1916,637,259,2,2779.45,36.84
1917,637,470,5,20417.8,51.87
1918,637,471,3,8032.72,97.25
1919,637,12,4,27462.99,69.72
1920,637,396,3,15012.15,68.68
1921,638,437,3,47587.94,91.65
1922,639,497,3,43388.14,52.62
1923,639,392,5,26842.63,70.89
1924,640,373,1,45705.99,71.13
1925,640,114,4,25935.49,72.13
1926,640,414,1,12133.52,60.65
1927,640,73,2,28563.93,9.14
1928,641,253,2,34645.16,32.3
1929,641,111,2,1716.03,40.66
1930,642,371,1,2297.49,91.81
1931,643,390,3,11757.2,9.53
1932,643,259,5,2779.45,77.89
1933,643,255,5,15792.79,1.07
1934,643,389,2,15818.94,2.66
1935,643,493,1,37071.85,33.46
1936,644,58,5,16984.52,1.31
1937,644,282,4,42404.62,63.68
1938,644,66,4,7831.76,28.36
1939,644,429,5,46059.81,72.48
1940,645,470,2,20417.8,60.97
1941,645,2,3,10875.97,5.79
1942,645,452,3,20989.74,80.85
1943,645,318,5,17493.99,57.5
1944,646,277,3,34795.09,39.7
1945,647,176,2,48897.74,40.73
1946,647,430,2,37292.63,15.77
1947,647,14,2,32770.18,50.59
1948,647,301,1,26890.76,27.5
1949,648,215,3,49674.82,69.54
1950,648,40,3,1140.74,53.61
1951,648,48,1,28268.14,63.05
1952,649,122,4,44223.9,96.63
1953,649,253,1,34645.16,9.6
1954,649,480,2,45584.62,84.65
1955,650,484,2,33151.54,5.54
1956,651,185,4,32449.44,8.84
1957,651,200,1,22329.59,68.49
1958,652,165,2,38622.29,17.55
1959,653,131,3,45109.84,81.74
1960,653,460,5,28373.04,43.62
1961,654,249,4,32529.73,56.14
1962,655,319,5,11923.61,29.04
1963,655,108,1,18229.23,30.4
1964,656,3,2,29839.48,23.74
1965,656,407,5,32399.19,52.86
1966,656,271,4,13493.5,23.37
1967,656,230,3,26729.14,12.41
1968,656,400,1,31551.85,45.15
1969,657,311,1,24799.0,99.32
1970,658,363,5,32936.81,1.58
1971,658,34,4,49223.84,58.29
1972,658,412,2,1562.24,59.79
1973,658,149,5,38243.77,62.6
1974,658,147,5,20222.38,37.59
1975,659,426,5,28142.67,74.6
1976,659,283,4,12176.86,52.22
1977,659,329,2,17975.31,36.62
1978,660,327,2,34765.71,10.29
1979,660,488,1,34069.71,88.73
1980,660,292,5,15663.33,97.49
1981,660,128,2,42312.09,89.05
1982,661,95,2,9195.67,14.13
1983,662,207,1,33123.45,69.97
1984,662,289,5,13011.04,39.8
1985,662,287,1,17814.94,41.77
1986,662,492,1,8582.33,17.39
1987,663,159,2,26259.19,22.04
1988,663,288,5,20040.93,65.02
1989,664,71,1,37451.97,98.09
1990,664,337,1,8359.7,96.0
1991,664,460,1,28373.04,90.22
1992,664,288,5,20040.93,34.13
1993,664,388,5,21805.65,78.41
1994,665,303,2,19687.95,26.6
1995,665,391,5,5372.32,37.83
1996,665,184,4,9721.29,92.35
1997,665,279,-2,16361.72,48.19
1998,666,51,2,18500.01,80.72
1999,666,345,3,31441.19,98.05
2000,666,426,1,28142.67,19.2
2001,666,352,3,25029.17,14.9
2002,667,408,3,4477.31,4.06
2003,667,396,1,15012.15,16.42
2004,667,160,-2,28671.26,66.77
2005,667,436,5,39979.81,39.07
2006,667,261,4,39199.05,5.52
2007,668,258,2,7083.53,33.48
2008,668,104,1,16463.2,6.62
2009,668,39,5,28830.38,64.83
2010,668,42,1,12241.49,60.65
2011,669,28,2,22736.92,52.18
2012,669,233,5,28169.98,64.21
2013,669,209,2,48926.69,36.84
2014,670,139,4,13446.84,59.88
2015,670,9,4,48204.91,71.43
2016,670,459,4,43685.97,72.6
2017,671,344,-3,522.89,79.87
2018,671,67,4,41772.48,82.6
2019,671,306,4,7153.79,98.2
2020,671,71,5,37451.97,60.18
2021,672,12,5,27462.99,26.28
2022,672,204,2,3281.62,45.39
2023,672,480,1,45584.62,95.42
2024,673,184,2,9721.29,91.58
2025,673,367,4,21523.3,54.47
2026,673,477,1,17278.03,20.49
2027,674,348,1,7077.53,0.05
2028,674,53,1,39611.71,42.19
2029,675,343,5,40687.06,34.5
2030,675,163,1,10446.35,44.75
2031,675,68,5,18898.32,26.46
2032,675,240,1,31572.01,16.87
2033,675,254,5,34252.99,14.09
2034,676,151,1,25505.21,28.48
2035,676,262,1,47063.03,20.49
2036,676,23,3,28747.59,39.84
2037,676,499,5,28513.24,14.18
2038,677,380,5,24718.7,18.66
2039,677,405,1,8723.08,63.91
2040,677,256,4,46450.86,58.9
2041,677,342,2,5249.76,19.34
2042,678,477,5,17278.03,82.97
2043,678,499,5,28513.24,75.79
2044,678,215,2,49674.82,53.94
2045,678,88,1,30779.0,17.72
2046,678,294,3,2329.68,33.85
2047,679,385,4,4742.03,58.86
2048,679,231,4,44152.32,92.71
2049,679,492,1,8582.33,70.01
2050,679,379,4,37004.84,49.65
2051,679,12,4,27462.99,80.76
2052,680,187,1,44862.43,14.36
2053,681,93,3,5272.83,15.92
2054,681,115,4,10807.06,65.96
2055,682,398,3,39711.11,44.73
2056,683,352,3,25029.17,15.03
2057,684,268,2,27755.57,57.06
2058,685,291,4,14842.07,95.49
2059,685,204,5,3281.62,77.26
2060,685,497,3,43388.14,62.34
2061,686,148,2,9813.3,91.86
2062,686,402,3,22227.22,95.14
2063,686,280,2,28236.14,54.23
2064,686,445,5,10426.95,25.08
2065,686,9,3,48204.91,29.81
2066,687,173,5,29382.84,64.73
2067,687,434,3,48458.18,62.61
2068,687,377,5,38699.02,81.03
2069,687,313,1,11104.42,44.14
2070,687,263,3,19065.63,23.53
2071,688,206,5,19185.73,65.67
2072,688,230,1,26729.14,45.2
2073,688,200,4,22329.59,96.35
2074,688,245,1,33734.24,66.37
2075,688,101,4,44742.41,53.22
2076,689,278,5,48439.39,50.58
2077,689,77,2,38179.53,12.95
2078,689,439,5,49265.28,49.39
2079,689,320,1,39263.98,53.21
2080,690,1,2,6383.6,69.55
2081,690,205,1,20502.46,86.78
2082,690,330,4,21539.19,61.95
2083,690,96,4,22938.21,3.06
2084,690,350,1,10351.74,89.98
2085,691,399,3,49130.11,26.83
2086,691,383,2,36930.32,39.32
2087,692,202,5,15477.66,63.83
2088,692,101,2,44742.41,73.94
2089,692,72,3,48283.27,83.03
2090,692,181,2,37475.26,19.46
2091,692,424,5,15158.08,34.02
2092,693,134,3,24198.95,76.15
2093,693,41,4,34511.54,94.5
2094,694,86,4,22909.97,22.17
2095,694,496,2,31756.4,60.79
2096,694,295,3,33889.25,86.05
2097,694,88,5,30779.0,71.06
2098,695,188,4,4859.72,95.63
2099,695,14,5,32770.18,60.99
2100,695,488,4,34069.71,28.73
2101,696,115,3,10807.06,12.0
2102,696,4,5,39945.84,7.45
2103,696,100,1,6311.3,59.9
2104,697,25,5,38144.23,33.36
2105,697,102,2,24926.42,3.77
2106,698,108,1,18229.23,45.37
2107,698,202,3,15477.66,20.23
2108,698,158,2,38830.49,36.61
2109,699,419,4,11018.57,95.06
2110,699,215,1,49674.82,42.63
2111,700,24,5,41490.09,84.66
2112,700,9,1,48204.91,76.98
2113,700,492,1,8582.33,35.39
2114,701,197,1,18153.06,52.37
2115,701,316,5,2176.37,73.25
2116,701,271,2,13493.5,0.67
2117,701,486,3,13916.56,84.47
2118,702,286,2,40633.62,93.52
2119,702,439,5,49265.28,80.94
2120,702,393,4,42638.86,95.55
2121,702,179,5,36183.57,79.23
2122,702,206,4,19185.73,27.95
2123,703,71,3,37451.97,98.32
2124,703,253,3,34645.16,33.95
2125,704,217,3,49286.21,84.16
2126,704,494,3,17828.64,12.89
2127,704,187,5,44862.43,96.76
2128,704,408,4,4477.31,2.54
2129,704,444,1,21437.54,4.29
2130,705,191,5,34669.15,23.21
2131,705,328,2,223.41,87.74
2132,705,118,1,27154.35,86.85
2133,706,107,1,39594.74,48.05
2134,707,105,2,21363.19,28.39
2135,707,325,3,31656.86,52.48
2136,707,218,4,27880.23,62.0
2137,707,285,4,46027.57,96.31
2138,707,378,2,497.66,89.89
2139,708,369,4,25030.54,0.64
2140,708,487,3,12091.07,98.48
2141,708,150,2,19755.8,28.79
2142,708,330,1,21539.19,80.54
2143,709,363,1,32936.81,19.04
2144,709,279,1,16361.72,60.66
2145,710,321,3,14126.14,5.9
2146,711,454,1,40042.47,41.54
2147,712,82,4,45878.07,53.25
2148,712,105,4,21363.19,70.62
2149,712,368,4,31413.89,18.07
2150,712,284,3,49535.96,32.08
2151,713,288,4,20040.93,15.48
2152,713,322,5,28679.51,32.54
2153,713,137,5,49402.37,81.67
2154,714,196,2,43669.44,39.25
2155,714,461,5,39308.71,71.83
2156,714,337,1,8359.7,17.55
2157,714,284,4,49535.96,19.83
2158,715,475,5,25305.81,95.67
2159,715,290,1,38639.88,17.25
2160,716,490,4,28644.92,95.53
2161,716,291,4,14842.07,65.72
2162,716,466,5,15222.44,30.32
2163,716,315,5,28678.43,23.65
2164,716,110,2,38947.92,36.37
2165,717,405,5,8723.08,55.59
2166,717,296,3,8090.77,12.22
2167,718,378,2,497.66,39.31
2168,718,381,2,20560.8,57.1
2169,718,452,3,20989.74,57.76
2170,718,253,4,34645.16,72.5
2171,719,458,5,19928.01,86.06
2172,719,229,-4,10305.21,57.1
2173,720,36,2,485.72,59.59
2174,720,83,5,30805.88,71.88
2175,720,29,2,38864.1,89.54
2176,720,170,3,14452.75,95.12
2177,721,125,1,17291.29,36.43
2178,721,67,1,41772.48,17.33
2179,721,77,1,38179.53,55.42
2180,721,15,5,20749.3,68.6
2181,721,416,4,15968.42,50.59
2182,722,225,3,30287.98,35.74
2183,722,179,2,36183.57,39.43
2184,722,351,1,39211.7,92.25
2185,722,108,1,18229.23,27.81
2186,722,355,3,3469.88,38.79
2187,723,418,5,8860.28,57.39
2188,724,236,1,34273.85,87.18
2189,725,447,5,13323.72,86.76
2190,725,373,1,45705.99,64.29
2191,726,399,5,49130.11,66.4
2192,726,475,1,25305.81,47.8
2193,727,99,1,9636.06,99.22
2194,727,30,1,30930.13,59.35
2195,727,314,1,8493.63,11.52
2196,727,422,4,35264.35,15.09
2197,727,101,2,44742.41,15.74
2198,728,210,2,11560.24,60.58
2199,728,239,1,42350.2,38.26
2200,728,386,1,22977.06,18.07
2201,728,339,1,3989.14,3.19
2202,729,371,5,2297.49,93.24
2203,729,176,2,48897.74,74.68
2204,730,19,5,29364.61,38.03
2205,730,151,2,25505.21,66.03
2206,731,334,3,49592.73,10.36
2207,731,449,3,13243.7,9.01
2208,731,341,1,3634.33,68.3
2209,731,416,5,15968.42,33.72
2210,732,296,3,8090.77,15.01
2211,733,193,5,14822.38,84.69
2212,733,66,3,7831.76,83.96
2213,733,9,1,48204.91,73.6
2214,734,413,2,38365.42,56.89
2215,735,66,5,7831.76,1.71
2216,735,399,1,49130.11,45.37
2217,735,356,2,47439.13,42.39
2218,736,282,3,42404.62,76.26
2219,736,168,2,46691.65,2.7
2220,736,277,1,34795.09,77.85
2221,737,73,4,28563.93,42.25
2222,738,315,2,28678.43,27.79
2223,738,83,2,30805.88,6.15
2224,738,246,1,12124.34,86.2
2225,739,212,2,38326.07,86.0
2226,740,333,3,23033.13,86.41
2227,740,484,1,33151.54,71.03
2228,740,462,3,24330.68,5.86
2229,740,55,1,40567.24,90.8
2230,740,176,4,48897.74,56.44
2231,741,189,3,440.82,37.09
2232,741,217,5,49286.21,99.8
2233,741,458,3,19928.01,84.35
2234,741,403,2,47119.8,84.16
2235,742,429,3,46059.81,0.27
2236,742,415,1,39889.8,76.92
2237,743,63,4,39603.93,10.04
2238,743,20,4,33300.49,94.32
2239,743,107,4,39594.74,51.63
2240,743,14,-5,32770.18,9.74
2241,743,413,3,38365.42,14.81
2242,744,445,1,10426.95,70.43
2243,745,44,4,31697.91,24.65
2244,745,101,4,44742.41,33.21
2245,745,261,1,39199.05,28.77
2246,745,22,5,42379.01,49.2
2247,746,411,2,19480.23,19.66
2248,746,206,1,19185.73,18.17
2249,747,441,4,10356.97,59.62
2250,747,271,-4,13493.5,12.05
2251,747,347,1,29519.74,99.98
2252,747,182,2,30178.87,15.66
2253,747,229,4,10305.21,83.83
2254,748,224,3,36256.78,52.46
2255,748,422,2,35264.35,47.5
2256,748,77,1,38179.53,26.6
2257,748,41,4,34511.54,31.06
2258,749,321,1,14126.14,5.06
2259,749,302,5,13191.43,46.74
2260,749,13,3,22740.4,74.9
2261,750,300,5,40455.62,71.49
2262,750,121,3,27745.67,31.5
2263,750,279,1,16361.72,17.21
2264,751,313,1,11104.42,29.76
2265,751,312,5,24486.11,92.93
2266,751,257,4,41749.06,52.92
2267,752,328,2,223.41,43.9
2268,752,115,1,10807.06,38.22
2269,752,332,5,38136.48,10.21
2270,752,34,4,49223.84,14.84
2271,753,147,4,20222.38,24.82
2272,753,488,2,34069.71,43.69
2273,753,26,2,7248.25,96.7
2274,753,249,5,32529.73,58.29
2275,754,313,4,11104.42,6.7
2276,755,85,-2,6180.23,46.73
2277,755,453,5,19800.74,90.41
2278,755,221,2,42482.11,41.07
2279,756,339,1,3989.14,66.04
2280,756,341,3,3634.33,93.09
2281,757,484,3,33151.54,75.09
2282,757,499,5,28513.24,50.45
2283,757,410,5,18019.69,14.66
2284,757,43,1,37315.66,44.45
2285,757,121,1,27745.67,53.75
2286,758,494,1,17828.64,85.14
2287,758,149,5,38243.77,89.42
2288,758,476,3,29742.78,16.07
2289,758,339,1,3989.14,88.02
2290,758,261,3,39199.05,73.74
2291,759,293,5,23860.51,93.25
2292,759,226,5,29420.43,81.19
2293,760,277,4,34795.09,66.66
2294,760,24,2,41490.09,38.02
2295,760,215,1,49674.82,40.32
2296,761,479,2,10415.88,49.97
2297,762,139,4,13446.84,50.47
2298,762,406,4,44182.85,39.21
2299,762,85,4,6180.23,5.0
2300,762,308,1,45966.13,22.93
2301,762,344,1,522.89,79.05
2302,763,217,4,49286.21,64.23
2303,763,58,2,16984.52,67.42
2304,763,182,5,30178.87,33.33
2305,763,219,4,48617.28,77.9
2306,763,23,4,28747.59,85.9
2307,764,94,5,16993.51,70.2
2308,764,150,3,19755.8,37.63
2309,764,328,5,223.41,26.48
2310,764,24,5,41490.09,26.56
2311,765,160,2,28671.26,10.22
2312,765,78,2,21929.88,93.34
2313,765,34,5,49223.84,82.55
2314,765,228,4,5954.08,54.67
2315,765,6,1,2714.71,57.39
2316,766,137,4,49402.37,50.18
2317,766,274,5,15302.43,43.59
2318,767,203,5,37315.64,57.58
2319,767,246,-4,12124.34,83.3
2320,767,78,1,21929.88,21.45
2321,768,301,2,26890.76,75.55
2322,769,328,2,223.41,10.8
2323,769,418,2,8860.28,40.76
2324,769,84,1,7561.03,98.1
2325,769,421,1,40140.98,32.12
2326,769,448,5,18533.14,33.25
2327,770,466,2,15222.44,95.61
2328,771,254,1,34252.99,42.89
2329,771,75,1,7006.09,69.7
2330,771,135,-3,3089.66,56.72
2331,772,433,4,36048.64,93.14
2332,772,33,1,33956.46,12.68
2333,772,241,3,22854.88,57.32
2334,772,387,5,31897.06,54.67
2335,773,444,4,21437.54,55.12
2336,774,140,1,47274.71,41.37
2337,775,404,2,36249.1,62.25
2338,776,321,5,14126.14,66.32
2339,776,193,5,14822.38,24.9
2340,776,485,5,24138.75,61.85
2341,776,136,4,17075.61,50.67
2342,777,160,3,28671.26,26.12
2343,777,353,3,46702.83,4.93
2344,777,457,1,29792.88,72.24
2345,777,444,2,21437.54,68.75
2346,777,47,4,31434.64,24.64
2347,778,456,1,4010.59,7.86
2348,778,356,1,47439.13,59.6
2349,778,23,5,28747.59,20.71
2350,778,180,3,8871.86,97.59
2351,779,52,5,42779.14,37.24
2352,779,264,1,13471.8,0.77
2353,780,305,5,5981.3,13.59
2354,781,498,3,42726.56,99.86
2355,781,298,3,30743.94,74.06
2356,781,129,5,13795.11,43.13
2357,781,92,4,39447.15,78.92
2358,781,25,3,38144.23,82.02
2359,782,162,3,30612.76,44.31
2360,782,217,5,49286.21,57.12
2361,782,443,3,2576.81,96.48
2362,783,401,-5,40656.08,13.09
2363,783,260,3,38473.38,40.44
2364,784,402,2,22227.22,33.65
2365,784,67,3,41772.48,39.65
2366,784,438,3,8129.13,34.7
2367,784,325,-1,31656.86,93.19
2368,785,83,2,30805.88,18.1
2369,785,439,4,49265.28,88.14
2370,785,96,4,22938.21,13.43
2371,785,61,3,7157.28,39.01
2372,786,41,2,34511.54,98.35
2373,787,191,5,34669.15,25.12
2374,788,328,-5,223.41,47.46
2375,788,199,5,22147.84,48.12
2376,788,31,4,24334.52,12.79
2377,788,4,1,39945.84,59.55
2378,788,390,3,11757.2,78.56
2379,789,477,3,17278.03,99.42
2380,790,406,4,44182.85,73.04
2381,790,135,2,3089.66,52.88
2382,790,437,2,47587.94,88.45
2383,790,85,3,6180.23,34.57
2384,791,374,1,45801.15,35.04
2385,791,198,2,10187.62,26.47
2386,791,444,5,21437.54,12.79
2387,791,386,5,22977.06,23.26
2388,791,273,3,12404.84,36.2
2389,792,25,4,38144.23,65.28
2390,792,17,3,34372.37,33.85
2391,792,347,2,29519.74,84.55
2392,793,58,2,16984.52,15.42
2393,794,147,4,20222.38,62.08
2394,794,395,1,35586.75,90.12
2395,794,276,4,42989.47,24.29
2396,794,315,3,28678.43,67.85
2397,795,251,1,25042.93,83.26
2398,795,87,5,31634.55,16.97
2399,796,460,4,28373.04,1.26
2400,797,32,4,25666.08,82.67
2401,797,411,3,19480.23,63.53
2402,797,434,1,48458.18,99.43
2403,797,35,2,10640.58,54.53
2404,797,311,2,24799.0,89.38
2405,798,435,-3,18829.84,85.78
2406,798,118,1,27154.35,71.52
2407,798,452,4,20989.74,50.52
2408,799,464,2,16641.55,25.44
2409,799,35,3,10640.58,42.75
2410,799,432,5,10563.25,53.51
2411,799,218,3,27880.23,47.51
2412,799,177,5,43932.14,70.46
2413,800,55,3,40567.24,59.58
2414,800,8,2,47276.24,96.03
2415,800,329,5,17975.31,87.41
2416,800,352,4,25029.17,56.79
2417,800,334,4,49592.73,52.77
2418,801,454,5,40042.47,99.32
2419,801,455,3,49219.96,70.31
2420,802,54,2,16144.19,23.26
2421,802,141,1,46694.2,98.65
2422,802,430,5,37292.63,38.13
2423,802,231,3,44152.32,13.22
2424,803,426,2,28142.67,16.27
2425,803,286,2,40633.62,79.23
2426,804,500,5,9099.8,39.19
2427,804,58,2,16984.52,56.66
2428,805,265,5,18098.94,71.17
2429,805,444,5,21437.54,16.78
2430,806,23,-1,28747.59,23.0
2431,807,9,1,48204.91,38.59
2432,808,195,1,23594.32,63.14
2433,808,59,5,27942.36,67.67
2434,808,24,4,41490.09,54.77
2435,808,466,3,15222.44,38.37
2436,809,148,1,9813.3,23.52
2437,810,149,1,38243.77,75.51
2438,810,476,4,29742.78,78.3
2439,810,164,5,47838.61,19.5
2440,810,333,3,23033.13,98.24
2441,810,125,3,17291.29,79.01
2442,811,2,2,10875.97,99.46
2443,812,428,-2,189.72,81.74
2444,812,385,3,4742.03,95.25
2445,812,207,5,33123.45,83.41
2446,812,469,-3,32313.19,68.9
2447,813,222,4,28163.06,9.2
2448,813,498,1,42726.56,39.3
2449,813,460,3,28373.04,8.65
2450,813,343,1,40687.06,89.18
2451,814,145,4,32747.58,10.06
2452,814,1,5,6383.6,91.63
2453,815,396,1,15012.15,1.5
2454,815,317,5,41520.53,42.99
2455,815,241,5,22854.88,55.4
2456,816,274,5,15302.43,38.84
2457,816,372,4,19210.68,52.8
2458,816,291,5,14842.07,55.54
2459,816,290,5,38639.88,52.91
2460,817,401,1,40656.08,59.14
2461,817,315,2,28678.43,84.39
2462,817,38,5,2210.88,37.71
2463,817,187,5,44862.43,2.23
2464,818,68,4,18898.32,76.4
2465,819,233,5,28169.98,83.1
2466,819,435,2,18829.84,30.27
2467,819,494,1,17828.64,0.58
2468,820,189,4,440.82,51.05
2469,820,479,1,10415.88,45.69
2470,820,72,1,48283.27,13.8
2471,820,482,3,42594.15,18.49
2472,820,38,1,2210.88,67.3
2473,821,75,5,7006.09,13.78
2474,821,144,3,2528.04,14.09
2475,821,48,4,28268.14,58.76
2476,821,312,4,24486.11,70.71
2477,821,365,3,39171.06,36.64
2478,822,54,5,16144.19,29.36
2479,822,422,4,35264.35,4.54
2480,823,400,5,31551.85,84.46
2481,823,259,3,2779.45,0.01
2482,823,65,-5,10788.21,73.43
2483,823,2,1,10875.97,21.96
2484,824,210,1,11560.24,21.13
2485,824,141,2,46694.2,86.45
2486,824,487,2,12091.07,91.95
2487,825,168,-3,46691.65,8.9
2488,825,455,5,49219.96,91.24
2489,825,370,5,5234.96,68.88
2490,825,454,4,40042.47,13.62
2491,825,404,4,36249.1,94.16
2492,826,474,1,45909.75,5.89
2493,826,477,3,17278.03,64.15
2494,826,407,1,32399.19,57.44
2495,826,396,1,15012.15,84.38
2496,826,192,1,20330.29,65.69
2497,827,96,1,22938.21,22.74
2498,827,219,4,48617.28,56.95
2499,827,42,2,12241.49,46.24
2500,828,304,1,30906.4,25.64
2501,828,161,1,20997.14,57.4
2502,828,349,3,30040.39,32.72
2503,828,8,3,47276.24,64.59
2504,829,268,5,27755.57,85.75
2505,829,240,3,31572.01,25.71
2506,829,212,4,38326.07,41.34
2507,829,304,1,30906.4,79.3
2508,829,285,5,46027.57,97.74
2509,830,413,5,38365.42,90.17
2510,830,160,1,28671.26,33.23
2511,831,181,5,37475.26,40.33
2512,831,397,2,27842.09,89.24
2513,832,498,3,42726.56,52.4
2514,832,452,2,20989.74,91.84
2515,833,272,3,21113.01,43.54
2516,833,31,4,24334.52,58.83
2517,833,208,2,26909.2,99.65
2518,833,442,3,46286.12,50.34
2519,834,156,2,33722.94,98.14
2520,834,496,3,31756.4,13.79
2521,834,91,1,19405.38,5.31
2522,834,163,4,10446.35,70.47
2523,834,410,4,18019.69,61.99
2524,835,41,4,34511.54,56.46
2525,835,187,1,44862.43,54.08
2526,835,492,3,8582.33,32.46
2527,836,253,3,34645.16,66.61
2528,837,53,1,39611.71,46.27
2529,837,456,5,4010.59,9.48
2530,837,120,1,49258.11,80.54
2531,837,52,4,42779.14,5.4
2532,837,487,2,12091.07,2.38
2533,838,190,3,47706.34,8.32
2534,838,471,2,8032.72,89.3
2535,838,120,2,49258.11,90.11
2536,838,162,5,30612.76,96.2
2537,838,419,1,11018.57,41.77
2538,839,41,3,34511.54,21.46
2539,840,465,3,13502.36,65.47
2540,840,450,5,33406.68,63.37
2541,841,174,4,11361.02,44.29
2542,841,17,2,34372.37,46.37
2543,841,225,5,30287.98,35.39
2544,841,145,5,32747.58,64.39
2545,841,23,2,28747.59,82.92
2546,842,5,4,39520.23,67.75
2547,843,497,1,43388.14,89.73
2548,843,156,-1,33722.94,34.82
2549,844,450,2,33406.68,50.65
2550,845,33,3,33956.46,90.99
2551,845,37,2,35213.2,33.68
2552,845,278,5,48439.39,17.43
2553,846,184,3,9721.29,34.05
2554,846,178,1,32330.31,7.07
2555,846,390,1,11757.2,48.69
2556,846,385,-5,4742.03,1.92
2557,846,125,5,17291.29,91.4
2558,847,31,4,24334.52,4.41
2559,847,38,2,2210.88,50.1
2560,847,280,2,28236.14,95.64
2561,847,199,2,22147.84,28.9
2562,847,368,5,31413.89,98.66
2563,848,11,4,7501.86,37.7
2564,848,2,2,10875.97,0.8
2565,849,325,1,31656.86,21.25
2566,849,179,4,36183.57,13.0
2567,850,95,5,9195.67,58.21
2568,850,147,2,20222.38,57.27
2569,850,55,2,40567.24,22.13
2570,850,236,3,34273.85,6.97
2571,851,293,1,23860.51,89.23
2572,852,183,-2,27210.69,76.43
2573,853,285,-2,46027.57,88.64
2574,853,468,1,22211.22,39.26
2575,853,212,2,38326.07,61.63
2576,853,262,1,47063.03,67.83
2577,853,130,4,29631.24,87.65
2578,854,285,5,46027.57,8.77
2579,854,405,5,8723.08,77.11
2580,854,279,3,16361.72,4.64
2581,854,231,2,44152.32,80.41
2582,854,166,2,14022.42,88.47
2583,855,235,3,11577.93,7.77
2584,855,190,4,47706.34,88.99
2585,856,65,1,10788.21,84.19
2586,856,1,2,6383.6,55.07
2587,856,465,2,13502.36,70.04
2588,856,228,2,5954.08,79.53
2589,856,59,2,27942.36,90.69
2590,857,403,4,47119.8,68.64
2591,857,64,5,25473.58,10.64
2592,857,268,1,27755.57,21.14
2593,857,294,3,2329.68,55.06
2594,857,466,5,15222.44,56.9
2595,858,354,1,27363.18,51.68
2596,858,499,1,28513.24,77.31
2597,858,241,2,22854.88,76.56
2598,858,86,5,22909.97,6.72
2599,859,312,5,24486.11,17.24
2600,859,483,5,33892.09,96.14
2601,859,80,3,4172.11,65.74
2602,859,261,5,39199.05,72.24
2603,860,84,5,7561.03,29.45
2604,860,1,2,6383.6,83.87
2605,860,28,2,22736.92,94.55
2606,860,91,1,19405.38,27.74
2607,861,143,2,47267.12,86.03
2608,861,336,1,18085.73,97.39
2609,861,109,3,33936.63,71.05
2610,861,375,1,6058.11,73.57
2611,862,66,1,7831.76,97.87
2612,863,480,2,45584.62,13.12
2613,863,366,4,39078.09,85.05
2614,863,357,2,38378.79,10.32
2615,864,368,2,31413.89,41.79
2616,864,100,1,6311.3,39.59
2617,864,22,1,42379.01,82.49
2618,865,367,2,21523.3,44.0
2619,865,407,4,32399.19,90.31
2620,865,305,1,5981.3,22.42
2621,866,351,1,39211.7,99.07
2622,867,213,1,29737.81,37.81
2623,868,21,5,17647.14,94.41
2624,868,441,1,10356.97,84.21
2625,868,484,5,33151.54,6.69
2626,868,82,4,45878.07,15.08
2627,868,299,1,322.06,20.3
2628,869,215,-4,49674.82,5.59
2629,870,286,4,40633.62,90.74
2630,870,454,4,40042.47,87.7
2631,870,189,1,440.82,70.04
2632,870,497,2,43388.14,51.21
2633,871,186,3,14821.71,78.32
2634,871,31,3,24334.52,44.1
2635,871,156,4,33722.94,19.63
2636,871,298,3,30743.94,18.86
2637,872,291,-3,14842.07,64.72
2638,872,214,4,20173.04,18.98
2639,873,198,4,10187.62,11.75
2640,873,69,3,40471.28,25.57
2641,874,341,3,3634.33,55.48
2642,874,71,3,37451.97,15.13
2643,874,471,5,8032.72,63.62
2644,874,425,1,39612.94,49.3
2645,875,487,5,12091.07,14.75
2646,875,352,2,25029.17,90.74
2647,875,317,1,41520.53,57.09
2648,875,51,4,18500.01,20.1
2649,875,379,3,37004.84,88.74
2650,876,485,2,24138.75,66.67
2651,876,236,3,34273.85,22.49
2652,876,499,3,28513.24,94.94
2653,877,415,2,39889.8,70.64
2654,878,435,4,18829.84,37.39
2655,878,343,3,40687.06,46.69
2656,878,271,4,13493.5,56.37
2657,879,256,4,46450.86,71.21
2658,879,170,3,14452.75,94.27
2659,879,408,3,4477.31,36.05
2660,880,224,5,36256.78,85.72
2661,880,190,4,47706.34,72.81
2662,881,196,2,43669.44,12.65
2663,881,493,2,37071.85,36.99
2664,881,414,5,12133.52,0.79
2665,881,33,3,33956.46,93.68
2666,881,221,3,42482.11,81.48
2667,882,390,5,11757.2,78.65
2668,882,205,3,20502.46,39.71
2669,883,94,-2,16993.51,87.01
2670,883,58,3,16984.52,36.79
2671,883,437,5,47587.94,26.57
2672,883,473,4,10116.27,81.36
2673,884,342,3,5249.76,58.35
2674,885,406,2,44182.85,81.66
2675,885,460,3,28373.04,88.61
2676,886,368,1,31413.89,41.26
2677,886,415,4,39889.8,96.11
2678,887,16,5,15696.16,73.09
2679,888,482,2,42594.15,12.02
2680,888,272,3,21113.01,44.66
2681,888,421,5,40140.98,15.64
2682,888,183,3,27210.69,65.79
2683,889,222,5,28163.06,25.98
2684,889,456,4,4010.59,49.72
2685,890,446,1,15486.83,41.09
2686,890,332,3,38136.48,82.04
2687,891,464,4,16641.55,57.73
2688,891,228,4,5954.08,40.67
2689,892,240,1,31572.01,6.19
2690,892,2,1,10875.97,62.93
2691,893,418,4,8860.28,6.29
2692,893,79,3,20803.36,51.91
2693,893,417,1,47383.18,92.08
2694,894,439,2,49265.28,18.63
2695,894,350,4,10351.74,94.54
2696,894,92,1,39447.15,60.42
2697,894,374,2,45801.15,69.23
2698,895,394,2,35264.77,52.91
2699,896,254,2,34252.99,19.85
2700,897,194,3,22803.44,15.42
2701,897,319,4,11923.61,72.08
2702,898,331,4,14251.29,34.4
2703,898,96,3,22938.21,35.22
2704,898,295,2,33889.25,14.84
2705,898,372,2,19210.68,77.09
2706,898,324,4,16172.63,61.59
2707,899,309,3,9436.22,69.12
2708,899,312,2,24486.11,22.55
2709,899,90,2,39341.98,8.71
2710,899,1,3,6383.6,46.95
2711,899,148,1,9813.3,55.12
2712,900,24,5,41490.09,95.96
2713,900,262,5,47063.03,82.98
2714,900,96,2,22938.21,9.87
2715,900,200,4,22329.59,39.64
2716,901,331,5,14251.29,96.27
2717,901,433,5,36048.64,18.29
2718,901,488,1,34069.71,49.3
2719,902,473,5,10116.27,77.94
2720,902,363,4,32936.81,44.26
2721,902,391,3,5372.32,20.98
2722,902,135,2,3089.66,98.25
2723,903,488,-5,34069.71,10.61
2724,903,83,5,30805.88,99.71
2725,904,287,5,17814.94,81.57
2726,904,344,2,522.89,95.84
2727,904,440,4,8333.36,18.3
2728,905,173,4,29382.84,89.71
2729,905,109,4,33936.63,24.46
2730,905,191,1,34669.15,27.16
2731,905,336,4,18085.73,82.77
2732,905,26,1,7248.25,31.53
2733,906,487,5,12091.07,1.36
2734,906,157,1,31500.1,38.54
2735,906,396,4,15012.15,50.87
2736,906,63,3,39603.93,22.92
2737,906,335,4,44119.17,38.61
2738,907,375,4,6058.11,31.84
2739,907,142,5,25784.77,17.43
2740,907,405,1,8723.08,42.81
2741,908,37,3,35213.2,27.16
2742,908,40,5,1140.74,9.13
2743,908,290,4,38639.88,21.15
2744,909,231,3,44152.32,6.02
2745,909,281,1,35447.52,1.82
2746,909,255,2,15792.79,15.83
2747,910,37,5,35213.2,49.61
2748,911,374,1,45801.15,7.33
2749,911,339,2,3989.14,75.19
2750,912,464,4,16641.55,64.73
2751,912,485,4,24138.75,95.49
2752,912,318,4,17493.99,16.5
2753,912,207,4,33123.45,23.13
2754,913,395,4,35586.75,2.83
2755,913,95,3,9195.67,96.38
2756,913,68,5,18898.32,64.87
2757,913,225,4,30287.98,84.07
2758,913,334,2,49592.73,68.49
2759,914,104,1,16463.2,38.22
2760,914,60,3,32862.55,95.38
2761,914,309,5,9436.22,18.17
2762,915,75,1,7006.09,58.61
2763,916,432,3,10563.25,37.81
2764,916,13,3,22740.4,45.61
2765,916,397,3,27842.09,71.1
2766,917,72,4,48283.27,46.43
2767,918,159,4,26259.19,29.77
2768,918,279,4,16361.72,92.34
2769,918,341,1,3634.33,20.13
2770,919,219,3,48617.28,3.3
2771,919,354,4,27363.18,31.47
2772,919,18,2,4752.18,3.76
2773,920,500,5,9099.8,46.44
2774,920,140,1,47274.71,63.5
2775,920,290,3,38639.88,69.59
2776,920,219,2,48617.28,4.95
2777,921,304,1,30906.4,34.98
2778,921,239,2,42350.2,46.27
2779,921,369,2,25030.54,23.48
2780,922,437,3,47587.94,91.62
2781,923,436,3,39979.81,34.87
2782,923,287,3,17814.94,43.46
2783,923,431,3,44277.48,75.37
2784,923,292,3,15663.33,30.74
2785,923,391,3,5372.32,79.17
2786,924,314,5,8493.63,58.91
2787,924,63,5,39603.93,70.57
2788,924,203,3,37315.64,45.09
2789,925,295,3,33889.25,26.38
2790,925,452,5,20989.74,83.68
2791,926,88,3,30779.0,12.83
2792,926,75,4,7006.09,21.85
2793,926,115,5,10807.06,53.32
2794,926,25,5,38144.23,93.38
2795,926,304,1,30906.4,10.36
2796,927,458,5,19928.01,6.12
2797,928,59,4,27942.36,47.89
2798,928,441,3,10356.97,51.86
2799,929,147,4,20222.38,47.26
2800,929,323,5,49625.06,77.77
2801,930,126,1,43423.76,27.81
2802,931,435,1,18829.84,61.09
2803,931,156,5,33722.94,2.74
2804,931,196,3,43669.44,77.88
2805,931,476,2,29742.78,46.15
2806,932,443,5,2576.81,33.08
2807,932,183,3,27210.69,83.96
2808,932,271,1,13493.5,43.02
2809,932,362,1,21780.73,60.95
2810,933,134,3,24198.95,18.92
2811,934,204,1,3281.62,93.45
2812,934,199,5,22147.84,88.5
2813,934,114,3,25935.49,19.05
2814,935,81,2,41974.9,24.87
2815,935,478,3,2577.59,18.31
2816,935,344,4,522.89,10.78
2817,935,380,3,24718.7,45.08
2818,936,213,4,29737.81,54.03
2819,936,259,1,2779.45,79.15
2820,936,380,3,24718.7,89.72
2821,936,355,5,3469.88,38.14
2822,936,346,5,43012.13,15.3
2823,937,332,4,38136.48,28.6
2824,938,135,2,3089.66,5.84
2825,938,97,2,44300.94,79.14
2826,938,20,3,33300.49,16.34
2827,938,155,5,26663.76,28.03
2828,939,174,3,11361.02,75.39
2829,939,93,2,5272.83,13.35
2830,939,230,2,26729.14,23.38
2831,939,385,-2,4742.03,33.02
2832,940,56,-2,2053.19,19.73
2833,940,111,4,1716.03,6.77
2834,940,105,1,21363.19,42.78
2835,940,450,4,33406.68,81.58
2836,940,6,4,2714.71,14.2
2837,941,313,3,11104.42,74.84
2838,941,178,2,32330.31,37.02
2839,941,385,1,4742.03,90.35
2840,941,417,2,47383.18,55.61
2841,942,418,-2,8860.28,27.09
2842,942,250,2,27679.8,54.02
2843,942,88,4,30779.0,97.22
2844,943,415,1,39889.8,71.77
2845,943,380,2,24718.7,13.24
2846,943,409,1,44244.16,5.85
2847,943,470,4,20417.8,25.89
2848,943,395,5,35586.75,77.62
2849,944,426,4,28142.67,69.1
2850,945,423,1,48031.88,83.24
2851,945,134,2,24198.95,5.0
2852,945,212,3,38326.07,22.74
2853,946,79,2,20803.36,87.22
2854,946,404,1,36249.1,31.67
2855,946,347,1,29519.74,58.49
2856,946,241,3,22854.88,75.82
2857,947,365,5,39171.06,14.74
2858,947,131,2,45109.84,62.72
2859,947,469,4,32313.19,94.05
2860,948,52,1,42779.14,4.71
2861,948,67,5,41772.48,51.35
2862,949,357,5,38378.79,91.82
2863,949,178,5,32330.31,91.63
2864,950,233,1,28169.98,48.47
2865,951,409,2,44244.16,35.25
2866,952,498,3,42726.56,31.83
2867,952,318,1,17493.99,17.27
2868,952,317,2,41520.53,94.53
2869,952,129,3,13795.11,55.76
2870,952,356,2,47439.13,36.07
2871,953,77,4,38179.53,67.91
2872,953,74,3,25195.04,64.6
2873,953,58,2,16984.52,74.0
2874,954,355,5,3469.88,20.24
2875,955,151,1,25505.21,84.06
2876,955,155,4,26663.76,58.01
2877,955,227,-3,16714.92,46.46
2878,956,6,3,2714.71,37.75
2879,956,441,5,10356.97,7.14
2880,957,98,4,40788.76,62.39
2881,957,404,2,36249.1,63.47
2882,957,350,2,10351.74,87.76
2883,958,213,2,29737.81,49.8
2884,958,120,3,49258.11,16.0
2885,958,138,3,25797.51,1.75
2886,959,454,4,40042.47,8.37
2887,960,69,2,40471.28,28.58
2888,960,15,1,20749.3,86.47
2889,960,335,4,44119.17,15.16
2890,960,189,3,440.82,66.48
2891,960,294,5,2329.68,43.59
2892,961,343,4,40687.06,62.24
2893,961,369,3,25030.54,95.4
2894,961,416,1,15968.42,7.6
2895,961,79,3,20803.36,2.71
2896,962,174,1,11361.02,53.83
2897,962,50,1,25416.11,57.39
2898,962,100,2,6311.3,15.7
2899,962,105,1,21363.19,15.18
2900,962,371,2,2297.49,37.21
2901,963,262,1,47063.03,53.83
2902,963,340,4,17244.35,53.58
2903,963,467,4,48627.58,0.84
2904,964,57,5,8021.44,30.93
2905,964,272,3,21113.01,83.72
2906,964,168,1,46691.65,38.83
2907,964,135,5,3089.66,91.56
2908,964,285,4,46027.57,52.44
2909,965,426,5,28142.67,73.67
2910,965,161,4,20997.14,28.18
2911,966,384,1,11984.56,72.42
2912,966,160,2,28671.26,18.03
2913,966,397,5,27842.09,93.02
2914,966,382,2,43872.21,19.33
2915,967,157,1,31500.1,16.31
2916,968,273,1,12404.84,48.56
2917,968,112,5,38177.92,56.84
2918,968,408,1,4477.31,86.27
2919,969,79,5,20803.36,97.68
2920,969,423,3,48031.88,52.68
2921,969,390,2,11757.2,19.92
2922,969,209,-5,48926.69,21.93
2923,970,217,2,49286.21,6.24
2924,970,210,3,11560.24,74.8
2925,970,11,5,7501.86,54.4
2926,970,378,2,497.66,0.38
2927,971,168,2,46691.65,88.63
2928,972,282,1,42404.62,55.32
2929,972,364,2,35104.83,84.25
2930,973,88,5,30779.0,45.11
2931,973,338,5,11783.78,16.4
2932,973,399,4,49130.11,93.36
2933,973,290,2,38639.88,55.58
2934,973,393,2,42638.86,50.16
2935,974,345,2,31441.19,48.37
2936,974,405,1,8723.08,63.5
2937,974,452,5,20989.74,75.0
2938,974,492,4,8582.33,45.49
2939,975,223,3,10246.5,10.87
2940,975,283,1,12176.86,66.38
2941,976,103,2,21587.3,15.24
2942,976,461,5,39308.71,73.11
2943,977,179,2,36183.57,60.01
2944,977,460,1,28373.04,32.54
2945,978,208,4,26909.2,9.5
2946,979,217,3,49286.21,16.7
2947,980,268,3,27755.57,7.51
2948,980,52,2,42779.14,44.46
2949,980,439,4,49265.28,91.82
2950,980,335,1,44119.17,59.34
2951,980,417,5,47383.18,64.33
2952,981,355,2,3469.88,1.66
2953,981,154,2,30863.37,37.69
2954,981,180,4,8871.86,76.37
2955,981,339,5,3989.14,57.47
2956,981,255,1,15792.79,44.82
2957,982,316,5,2176.37,16.25
2958,982,260,3,38473.38,27.28
2959,982,304,4,30906.4,0.9
2960,983,378,5,497.66,2.25
2961,983,153,3,25823.74,14.27
2962,983,454,5,40042.47,59.03
2963,983,70,3,33850.51,43.79
2964,984,203,5,37315.64,45.73
2965,984,249,4,32529.73,35.19
2966,984,12,5,27462.99,28.42
2967,984,288,3,20040.93,50.91
2968,984,2,5,10875.97,84.7
2969,985,211,4,46876.78,83.89
2970,986,484,5,33151.54,53.32
2971,986,323,4,49625.06,58.43
2972,986,176,1,48897.74,31.6
2973,986,106,5,43514.86,64.0
2974,986,205,4,20502.46,32.67
2975,987,61,1,7157.28,13.95
2976,987,428,4,189.72,40.02
2977,988,309,5,9436.22,53.46
2978,988,462,3,24330.68,10.44
2979,988,32,-2,25666.08,87.73
2980,988,10,5,5487.3,87.49
2981,988,431,1,44277.48,30.51
2982,989,283,4,12176.86,85.46
2983,989,122,1,44223.9,41.6
2984,989,317,-2,41520.53,92.55
2985,989,305,4,5981.3,91.52
2986,989,378,-1,497.66,4.59
2987,990,369,4,25030.54,88.86
2988,990,200,5,22329.59,20.33
2989,990,390,3,11757.2,9.71
2990,991,393,4,42638.86,66.5
2991,991,290,3,38639.88,56.95
2992,991,99,5,9636.06,91.4
2993,992,335,1,44119.17,16.2
2994,993,16,1,15696.16,20.4
2995,994,455,1,49219.96,91.89
2996,994,353,3,46702.83,25.21
2997,994,63,5,39603.93,4.33
2998,995,141,4,46694.2,92.91
2999,995,341,3,3634.33,94.0
3000,995,176,4,48897.74,77.81
3001,995,489,1,20986.43,34.42
3002,996,224,4,36256.78,18.42
3003,996,447,2,13323.72,0.79
3004,996,245,2,33734.24,63.52
3005,996,71,3,37451.97,2.94
3006,996,162,4,30612.76,90.08
3007,997,278,3,48439.39,22.28
3008,997,148,4,9813.3,9.64
3009,997,351,2,39211.7,31.25
3010,998,426,3,28142.67,34.77
3011,998,42,1,12241.49,82.89
3012,998,497,5,43388.14,74.1
3013,998,71,4,37451.97,18.48
3014,999,477,1,17278.03,77.91
3015,1000,473,2,10116.27,46.33
3016,1000,399,2,49130.11,27.07
